img_id,predicted_label
test_1,AnnualCrop
test_10,AnnualCrop
test_100,AnnualCrop
test_1000,HerbaceousVegetation
test_1001,HerbaceousVegetation
test_1002,HerbaceousVegetation
test_1003,HerbaceousVegetation
test_1004,HerbaceousVegetation
test_1005,HerbaceousVegetation
test_1006,HerbaceousVegetation
test_1007,HerbaceousVegetation
test_1008,HerbaceousVegetation
test_1009,HerbaceousVegetation
test_101,AnnualCrop
test_1010,HerbaceousVegetation
test_1011,HerbaceousVegetation
test_1012,HerbaceousVegetation
test_1013,HerbaceousVegetation
test_1014,HerbaceousVegetation
test_1015,HerbaceousVegetation
test_1016,HerbaceousVegetation
test_1017,HerbaceousVegetation
test_1018,HerbaceousVegetation
test_1019,HerbaceousVegetation
test_102,AnnualCrop
test_1020,HerbaceousVegetation
test_1021,HerbaceousVegetation
test_1022,HerbaceousVegetation
test_1023,HerbaceousVegetation
test_1024,HerbaceousVegetation
test_1025,HerbaceousVegetation
test_1026,HerbaceousVegetation
test_1027,HerbaceousVegetation
test_1028,HerbaceousVegetation
test_1029,HerbaceousVegetation
test_103,AnnualCrop
test_1030,HerbaceousVegetation
test_1031,HerbaceousVegetation
test_1032,HerbaceousVegetation
test_1033,HerbaceousVegetation
test_1034,HerbaceousVegetation
test_1035,HerbaceousVegetation
test_1036,HerbaceousVegetation
test_1037,HerbaceousVegetation
test_1038,HerbaceousVegetation
test_1039,HerbaceousVegetation
test_104,Pasture
test_1040,HerbaceousVegetation
test_1041,HerbaceousVegetation
test_1042,HerbaceousVegetation
test_1043,HerbaceousVegetation
test_1044,HerbaceousVegetation
test_1045,HerbaceousVegetation
test_1046,HerbaceousVegetation
test_1047,HerbaceousVegetation
test_1048,HerbaceousVegetation
test_1049,HerbaceousVegetation
test_105,AnnualCrop
test_1050,HerbaceousVegetation
test_1051,HerbaceousVegetation
test_1052,HerbaceousVegetation
test_1053,HerbaceousVegetation
test_1054,HerbaceousVegetation
test_1055,HerbaceousVegetation
test_1056,HerbaceousVegetation
test_1057,HerbaceousVegetation
test_1058,HerbaceousVegetation
test_1059,HerbaceousVegetation
test_106,AnnualCrop
test_1060,HerbaceousVegetation
test_1061,HerbaceousVegetation
test_1062,HerbaceousVegetation
test_1063,HerbaceousVegetation
test_1064,HerbaceousVegetation
test_1065,HerbaceousVegetation
test_1066,HerbaceousVegetation
test_1067,HerbaceousVegetation
test_1068,HerbaceousVegetation
test_1069,HerbaceousVegetation
test_107,AnnualCrop
test_1070,HerbaceousVegetation
test_1071,HerbaceousVegetation
test_1072,HerbaceousVegetation
test_1073,HerbaceousVegetation
test_1074,HerbaceousVegetation
test_1075,HerbaceousVegetation
test_1076,HerbaceousVegetation
test_1077,HerbaceousVegetation
test_1078,HerbaceousVegetation
test_1079,HerbaceousVegetation
test_108,AnnualCrop
test_1080,HerbaceousVegetation
test_1081,HerbaceousVegetation
test_1082,HerbaceousVegetation
test_1083,HerbaceousVegetation
test_1084,HerbaceousVegetation
test_1085,HerbaceousVegetation
test_1086,HerbaceousVegetation
test_1087,HerbaceousVegetation
test_1088,HerbaceousVegetation
test_1089,HerbaceousVegetation
test_109,AnnualCrop
test_1090,HerbaceousVegetation
test_1091,HerbaceousVegetation
test_1092,HerbaceousVegetation
test_1093,HerbaceousVegetation
test_1094,HerbaceousVegetation
test_1095,HerbaceousVegetation
test_1096,HerbaceousVegetation
test_1097,HerbaceousVegetation
test_1098,HerbaceousVegetation
test_1099,HerbaceousVegetation
test_11,AnnualCrop
test_110,AnnualCrop
test_1100,HerbaceousVegetation
test_1101,HerbaceousVegetation
test_1102,HerbaceousVegetation
test_1103,AnnualCrop
test_1104,HerbaceousVegetation
test_1105,HerbaceousVegetation
test_1106,HerbaceousVegetation
test_1107,HerbaceousVegetation
test_1108,HerbaceousVegetation
test_1109,HerbaceousVegetation
test_111,AnnualCrop
test_1110,HerbaceousVegetation
test_1111,HerbaceousVegetation
test_1112,HerbaceousVegetation
test_1113,HerbaceousVegetation
test_1114,HerbaceousVegetation
test_1115,HerbaceousVegetation
test_1116,HerbaceousVegetation
test_1117,HerbaceousVegetation
test_1118,HerbaceousVegetation
test_1119,HerbaceousVegetation
test_112,AnnualCrop
test_1120,HerbaceousVegetation
test_1121,HerbaceousVegetation
test_1122,AnnualCrop
test_1123,HerbaceousVegetation
test_1124,HerbaceousVegetation
test_1125,HerbaceousVegetation
test_1126,HerbaceousVegetation
test_1127,HerbaceousVegetation
test_1128,HerbaceousVegetation
test_1129,HerbaceousVegetation
test_113,AnnualCrop
test_1130,HerbaceousVegetation
test_1131,HerbaceousVegetation
test_1132,HerbaceousVegetation
test_1133,HerbaceousVegetation
test_1134,AnnualCrop
test_1135,HerbaceousVegetation
test_1136,HerbaceousVegetation
test_1137,HerbaceousVegetation
test_1138,HerbaceousVegetation
test_1139,HerbaceousVegetation
test_114,AnnualCrop
test_1140,HerbaceousVegetation
test_1141,HerbaceousVegetation
test_1142,HerbaceousVegetation
test_1143,HerbaceousVegetation
test_1144,HerbaceousVegetation
test_1145,HerbaceousVegetation
test_1146,HerbaceousVegetation
test_1147,HerbaceousVegetation
test_1148,HerbaceousVegetation
test_1149,HerbaceousVegetation
test_115,AnnualCrop
test_1150,HerbaceousVegetation
test_1151,HerbaceousVegetation
test_1152,HerbaceousVegetation
test_1153,HerbaceousVegetation
test_1154,HerbaceousVegetation
test_1155,HerbaceousVegetation
test_1156,HerbaceousVegetation
test_1157,HerbaceousVegetation
test_1158,HerbaceousVegetation
test_1159,HerbaceousVegetation
test_116,AnnualCrop
test_1160,HerbaceousVegetation
test_1161,HerbaceousVegetation
test_1162,HerbaceousVegetation
test_1163,HerbaceousVegetation
test_1164,HerbaceousVegetation
test_1165,HerbaceousVegetation
test_1166,HerbaceousVegetation
test_1167,HerbaceousVegetation
test_1168,HerbaceousVegetation
test_1169,HerbaceousVegetation
test_117,AnnualCrop
test_1170,HerbaceousVegetation
test_1171,HerbaceousVegetation
test_1172,HerbaceousVegetation
test_1173,HerbaceousVegetation
test_1174,HerbaceousVegetation
test_1175,HerbaceousVegetation
test_1176,HerbaceousVegetation
test_1177,HerbaceousVegetation
test_1178,HerbaceousVegetation
test_1179,HerbaceousVegetation
test_118,AnnualCrop
test_1180,HerbaceousVegetation
test_1181,HerbaceousVegetation
test_1182,HerbaceousVegetation
test_1183,HerbaceousVegetation
test_1184,HerbaceousVegetation
test_1185,HerbaceousVegetation
test_1186,HerbaceousVegetation
test_1187,HerbaceousVegetation
test_1188,HerbaceousVegetation
test_1189,HerbaceousVegetation
test_119,AnnualCrop
test_1190,HerbaceousVegetation
test_1191,HerbaceousVegetation
test_1192,HerbaceousVegetation
test_1193,HerbaceousVegetation
test_1194,HerbaceousVegetation
test_1195,HerbaceousVegetation
test_1196,HerbaceousVegetation
test_1197,HerbaceousVegetation
test_1198,HerbaceousVegetation
test_1199,HerbaceousVegetation
test_12,AnnualCrop
test_120,AnnualCrop
test_1200,HerbaceousVegetation
test_1201,HerbaceousVegetation
test_1202,HerbaceousVegetation
test_1203,HerbaceousVegetation
test_1204,HerbaceousVegetation
test_1205,HerbaceousVegetation
test_1206,HerbaceousVegetation
test_1207,HerbaceousVegetation
test_1208,HerbaceousVegetation
test_1209,HerbaceousVegetation
test_121,AnnualCrop
test_1210,HerbaceousVegetation
test_1211,PermanentCrop
test_1212,HerbaceousVegetation
test_1213,HerbaceousVegetation
test_1214,HerbaceousVegetation
test_1215,HerbaceousVegetation
test_1216,HerbaceousVegetation
test_1217,HerbaceousVegetation
test_1218,HerbaceousVegetation
test_1219,HerbaceousVegetation
test_122,AnnualCrop
test_1220,HerbaceousVegetation
test_1221,HerbaceousVegetation
test_1222,HerbaceousVegetation
test_1223,HerbaceousVegetation
test_1224,HerbaceousVegetation
test_1225,HerbaceousVegetation
test_1226,HerbaceousVegetation
test_1227,HerbaceousVegetation
test_1228,HerbaceousVegetation
test_1229,HerbaceousVegetation
test_123,AnnualCrop
test_1230,HerbaceousVegetation
test_1231,HerbaceousVegetation
test_1232,HerbaceousVegetation
test_1233,HerbaceousVegetation
test_1234,HerbaceousVegetation
test_1235,HerbaceousVegetation
test_1236,HerbaceousVegetation
test_1237,HerbaceousVegetation
test_1238,HerbaceousVegetation
test_1239,HerbaceousVegetation
test_124,AnnualCrop
test_1240,HerbaceousVegetation
test_1241,HerbaceousVegetation
test_1242,HerbaceousVegetation
test_1243,HerbaceousVegetation
test_1244,HerbaceousVegetation
test_1245,HerbaceousVegetation
test_1246,HerbaceousVegetation
test_1247,HerbaceousVegetation
test_1248,HerbaceousVegetation
test_1249,HerbaceousVegetation
test_125,AnnualCrop
test_1250,HerbaceousVegetation
test_1251,HerbaceousVegetation
test_1252,HerbaceousVegetation
test_1253,HerbaceousVegetation
test_1254,HerbaceousVegetation
test_1255,HerbaceousVegetation
test_1256,HerbaceousVegetation
test_1257,HerbaceousVegetation
test_1258,HerbaceousVegetation
test_1259,HerbaceousVegetation
test_126,AnnualCrop
test_1260,HerbaceousVegetation
test_1261,HerbaceousVegetation
test_1262,HerbaceousVegetation
test_1263,HerbaceousVegetation
test_1264,HerbaceousVegetation
test_1265,HerbaceousVegetation
test_1266,HerbaceousVegetation
test_1267,HerbaceousVegetation
test_1268,HerbaceousVegetation
test_1269,HerbaceousVegetation
test_127,AnnualCrop
test_1270,HerbaceousVegetation
test_1271,HerbaceousVegetation
test_1272,HerbaceousVegetation
test_1273,HerbaceousVegetation
test_1274,HerbaceousVegetation
test_1275,HerbaceousVegetation
test_1276,HerbaceousVegetation
test_1277,HerbaceousVegetation
test_1278,HerbaceousVegetation
test_1279,HerbaceousVegetation
test_128,AnnualCrop
test_1280,HerbaceousVegetation
test_1281,HerbaceousVegetation
test_1282,HerbaceousVegetation
test_1283,HerbaceousVegetation
test_1284,HerbaceousVegetation
test_1285,HerbaceousVegetation
test_1286,HerbaceousVegetation
test_1287,HerbaceousVegetation
test_1288,HerbaceousVegetation
test_1289,HerbaceousVegetation
test_129,AnnualCrop
test_1290,HerbaceousVegetation
test_1291,HerbaceousVegetation
test_1292,HerbaceousVegetation
test_1293,HerbaceousVegetation
test_1294,HerbaceousVegetation
test_1295,HerbaceousVegetation
test_1296,HerbaceousVegetation
test_1297,HerbaceousVegetation
test_1298,HerbaceousVegetation
test_1299,HerbaceousVegetation
test_13,AnnualCrop
test_130,AnnualCrop
test_1300,HerbaceousVegetation
test_1301,HerbaceousVegetation
test_1302,HerbaceousVegetation
test_1303,HerbaceousVegetation
test_1304,HerbaceousVegetation
test_1305,HerbaceousVegetation
test_1306,HerbaceousVegetation
test_1307,Pasture
test_1308,HerbaceousVegetation
test_1309,HerbaceousVegetation
test_131,AnnualCrop
test_1310,HerbaceousVegetation
test_1311,HerbaceousVegetation
test_1312,HerbaceousVegetation
test_1313,HerbaceousVegetation
test_1314,HerbaceousVegetation
test_1315,HerbaceousVegetation
test_1316,HerbaceousVegetation
test_1317,HerbaceousVegetation
test_1318,HerbaceousVegetation
test_1319,HerbaceousVegetation
test_132,AnnualCrop
test_1320,HerbaceousVegetation
test_1321,HerbaceousVegetation
test_1322,HerbaceousVegetation
test_1323,HerbaceousVegetation
test_1324,HerbaceousVegetation
test_1325,HerbaceousVegetation
test_1326,HerbaceousVegetation
test_1327,HerbaceousVegetation
test_1328,HerbaceousVegetation
test_1329,HerbaceousVegetation
test_133,AnnualCrop
test_1330,HerbaceousVegetation
test_1331,HerbaceousVegetation
test_1332,HerbaceousVegetation
test_1333,HerbaceousVegetation
test_1334,HerbaceousVegetation
test_1335,HerbaceousVegetation
test_1336,HerbaceousVegetation
test_1337,HerbaceousVegetation
test_1338,HerbaceousVegetation
test_1339,HerbaceousVegetation
test_134,AnnualCrop
test_1340,HerbaceousVegetation
test_1341,HerbaceousVegetation
test_1342,HerbaceousVegetation
test_1343,HerbaceousVegetation
test_1344,HerbaceousVegetation
test_1345,HerbaceousVegetation
test_1346,HerbaceousVegetation
test_1347,HerbaceousVegetation
test_1348,HerbaceousVegetation
test_1349,HerbaceousVegetation
test_135,AnnualCrop
test_1350,HerbaceousVegetation
test_1351,Highway
test_1352,Highway
test_1353,Highway
test_1354,Highway
test_1355,Highway
test_1356,Highway
test_1357,Highway
test_1358,Highway
test_1359,Highway
test_136,AnnualCrop
test_1360,Highway
test_1361,Highway
test_1362,Highway
test_1363,Highway
test_1364,Highway
test_1365,Highway
test_1366,Highway
test_1367,Highway
test_1368,Highway
test_1369,Highway
test_137,AnnualCrop
test_1370,Highway
test_1371,Highway
test_1372,Highway
test_1373,Highway
test_1374,Highway
test_1375,Highway
test_1376,Highway
test_1377,Highway
test_1378,Highway
test_1379,Highway
test_138,AnnualCrop
test_1380,Highway
test_1381,Highway
test_1382,Highway
test_1383,Highway
test_1384,Highway
test_1385,Highway
test_1386,Highway
test_1387,Highway
test_1388,Highway
test_1389,Highway
test_139,AnnualCrop
test_1390,Highway
test_1391,Highway
test_1392,Highway
test_1393,Highway
test_1394,Highway
test_1395,Highway
test_1396,Highway
test_1397,Highway
test_1398,Highway
test_1399,Highway
test_14,AnnualCrop
test_140,AnnualCrop
test_1400,Highway
test_1401,Highway
test_1402,Highway
test_1403,Highway
test_1404,Highway
test_1405,Highway
test_1406,Highway
test_1407,Highway
test_1408,Highway
test_1409,Highway
test_141,AnnualCrop
test_1410,Highway
test_1411,Highway
test_1412,Highway
test_1413,Highway
test_1414,Highway
test_1415,Highway
test_1416,Highway
test_1417,Highway
test_1418,Highway
test_1419,Highway
test_142,AnnualCrop
test_1420,Highway
test_1421,Highway
test_1422,Highway
test_1423,Highway
test_1424,Highway
test_1425,Highway
test_1426,Highway
test_1427,Highway
test_1428,Highway
test_1429,Highway
test_143,AnnualCrop
test_1430,Highway
test_1431,Highway
test_1432,Highway
test_1433,Highway
test_1434,Highway
test_1435,Highway
test_1436,Highway
test_1437,Highway
test_1438,Highway
test_1439,Highway
test_144,AnnualCrop
test_1440,Highway
test_1441,Highway
test_1442,Highway
test_1443,Highway
test_1444,Highway
test_1445,Highway
test_1446,Highway
test_1447,Highway
test_1448,Highway
test_1449,Highway
test_145,AnnualCrop
test_1450,Highway
test_1451,Highway
test_1452,Highway
test_1453,Highway
test_1454,Highway
test_1455,Highway
test_1456,Highway
test_1457,Highway
test_1458,Highway
test_1459,Highway
test_146,AnnualCrop
test_1460,Highway
test_1461,Highway
test_1462,Highway
test_1463,Highway
test_1464,Highway
test_1465,Industrial
test_1466,Highway
test_1467,Highway
test_1468,Highway
test_1469,Highway
test_147,AnnualCrop
test_1470,Highway
test_1471,Highway
test_1472,Highway
test_1473,Highway
test_1474,Highway
test_1475,Highway
test_1476,Highway
test_1477,Highway
test_1478,Highway
test_1479,Highway
test_148,AnnualCrop
test_1480,Highway
test_1481,Highway
test_1482,Highway
test_1483,Highway
test_1484,Highway
test_1485,Highway
test_1486,Highway
test_1487,River
test_1488,Highway
test_1489,Highway
test_149,AnnualCrop
test_1490,Highway
test_1491,Highway
test_1492,Highway
test_1493,Highway
test_1494,Highway
test_1495,Highway
test_1496,Highway
test_1497,Highway
test_1498,Highway
test_1499,Highway
test_15,AnnualCrop
test_150,AnnualCrop
test_1500,Highway
test_1501,Highway
test_1502,Highway
test_1503,Highway
test_1504,Highway
test_1505,Highway
test_1506,Highway
test_1507,Highway
test_1508,Highway
test_1509,Highway
test_151,AnnualCrop
test_1510,Highway
test_1511,Highway
test_1512,Highway
test_1513,Highway
test_1514,Highway
test_1515,Highway
test_1516,Highway
test_1517,Highway
test_1518,Highway
test_1519,Highway
test_152,AnnualCrop
test_1520,Highway
test_1521,Highway
test_1522,Highway
test_1523,Highway
test_1524,Highway
test_1525,Highway
test_1526,Highway
test_1527,Highway
test_1528,Highway
test_1529,Highway
test_153,AnnualCrop
test_1530,Highway
test_1531,Highway
test_1532,Highway
test_1533,Highway
test_1534,Highway
test_1535,Highway
test_1536,Highway
test_1537,Highway
test_1538,Highway
test_1539,Highway
test_154,AnnualCrop
test_1540,Highway
test_1541,Highway
test_1542,Highway
test_1543,Highway
test_1544,Highway
test_1545,Highway
test_1546,Highway
test_1547,Highway
test_1548,Highway
test_1549,Highway
test_155,AnnualCrop
test_1550,Highway
test_1551,Highway
test_1552,Highway
test_1553,Highway
test_1554,Highway
test_1555,Highway
test_1556,Highway
test_1557,Highway
test_1558,Highway
test_1559,Highway
test_156,AnnualCrop
test_1560,Highway
test_1561,Highway
test_1562,Highway
test_1563,Highway
test_1564,Highway
test_1565,Highway
test_1566,Highway
test_1567,Highway
test_1568,Highway
test_1569,Highway
test_157,AnnualCrop
test_1570,Highway
test_1571,Highway
test_1572,Highway
test_1573,Highway
test_1574,Highway
test_1575,Highway
test_1576,Highway
test_1577,River
test_1578,Highway
test_1579,Highway
test_158,AnnualCrop
test_1580,Highway
test_1581,Highway
test_1582,Highway
test_1583,Highway
test_1584,Highway
test_1585,Highway
test_1586,Highway
test_1587,Highway
test_1588,Highway
test_1589,Highway
test_159,AnnualCrop
test_1590,Highway
test_1591,Highway
test_1592,Highway
test_1593,Highway
test_1594,Highway
test_1595,Highway
test_1596,Highway
test_1597,Highway
test_1598,Highway
test_1599,Highway
test_16,AnnualCrop
test_160,AnnualCrop
test_1600,Highway
test_1601,Highway
test_1602,Highway
test_1603,Highway
test_1604,Highway
test_1605,Highway
test_1606,Highway
test_1607,Highway
test_1608,Highway
test_1609,Highway
test_161,AnnualCrop
test_1610,Highway
test_1611,Highway
test_1612,Highway
test_1613,Highway
test_1614,Highway
test_1615,Highway
test_1616,Highway
test_1617,Highway
test_1618,Highway
test_1619,Highway
test_162,AnnualCrop
test_1620,Highway
test_1621,Highway
test_1622,Highway
test_1623,Highway
test_1624,Highway
test_1625,Highway
test_1626,Highway
test_1627,Highway
test_1628,Highway
test_1629,Highway
test_163,AnnualCrop
test_1630,Highway
test_1631,Highway
test_1632,Highway
test_1633,Highway
test_1634,Highway
test_1635,Highway
test_1636,Highway
test_1637,Highway
test_1638,Highway
test_1639,Highway
test_164,AnnualCrop
test_1640,Highway
test_1641,Highway
test_1642,Highway
test_1643,Highway
test_1644,Highway
test_1645,Highway
test_1646,Highway
test_1647,Highway
test_1648,Highway
test_1649,Highway
test_165,AnnualCrop
test_1650,Highway
test_1651,Highway
test_1652,Highway
test_1653,Highway
test_1654,Highway
test_1655,Highway
test_1656,Highway
test_1657,Highway
test_1658,Highway
test_1659,Highway
test_166,AnnualCrop
test_1660,Highway
test_1661,Highway
test_1662,Highway
test_1663,Highway
test_1664,Highway
test_1665,Highway
test_1666,Highway
test_1667,Highway
test_1668,Highway
test_1669,Highway
test_167,AnnualCrop
test_1670,Highway
test_1671,Highway
test_1672,Highway
test_1673,Highway
test_1674,Highway
test_1675,Highway
test_1676,Highway
test_1677,Highway
test_1678,Highway
test_1679,Highway
test_168,AnnualCrop
test_1680,Highway
test_1681,Highway
test_1682,Highway
test_1683,Highway
test_1684,Highway
test_1685,Highway
test_1686,Highway
test_1687,Highway
test_1688,Highway
test_1689,Highway
test_169,AnnualCrop
test_1690,Highway
test_1691,Highway
test_1692,Highway
test_1693,Highway
test_1694,Highway
test_1695,Highway
test_1696,Highway
test_1697,Highway
test_1698,Highway
test_1699,Highway
test_17,AnnualCrop
test_170,AnnualCrop
test_1700,Highway
test_1701,Highway
test_1702,Highway
test_1703,Pasture
test_1704,Highway
test_1705,Highway
test_1706,Highway
test_1707,Highway
test_1708,Highway
test_1709,Highway
test_171,PermanentCrop
test_1710,Highway
test_1711,Highway
test_1712,Highway
test_1713,Highway
test_1714,Highway
test_1715,Highway
test_1716,Highway
test_1717,Highway
test_1718,Highway
test_1719,Highway
test_172,AnnualCrop
test_1720,Highway
test_1721,Highway
test_1722,Highway
test_1723,Highway
test_1724,Highway
test_1725,Highway
test_1726,Industrial
test_1727,Industrial
test_1728,Industrial
test_1729,Industrial
test_173,AnnualCrop
test_1730,Industrial
test_1731,Industrial
test_1732,Industrial
test_1733,Industrial
test_1734,Industrial
test_1735,Industrial
test_1736,Industrial
test_1737,Industrial
test_1738,Industrial
test_1739,Industrial
test_174,AnnualCrop
test_1740,Industrial
test_1741,Industrial
test_1742,Industrial
test_1743,Industrial
test_1744,Industrial
test_1745,Industrial
test_1746,Industrial
test_1747,Industrial
test_1748,Industrial
test_1749,Industrial
test_175,AnnualCrop
test_1750,Industrial
test_1751,Industrial
test_1752,Industrial
test_1753,Industrial
test_1754,Industrial
test_1755,Industrial
test_1756,Industrial
test_1757,Industrial
test_1758,Industrial
test_1759,Industrial
test_176,Highway
test_1760,Industrial
test_1761,Industrial
test_1762,Industrial
test_1763,Industrial
test_1764,Industrial
test_1765,Industrial
test_1766,Industrial
test_1767,Industrial
test_1768,Industrial
test_1769,Industrial
test_177,AnnualCrop
test_1770,Industrial
test_1771,Industrial
test_1772,Industrial
test_1773,Industrial
test_1774,Industrial
test_1775,Industrial
test_1776,Industrial
test_1777,Industrial
test_1778,Industrial
test_1779,Industrial
test_178,AnnualCrop
test_1780,Industrial
test_1781,Industrial
test_1782,Industrial
test_1783,Industrial
test_1784,Industrial
test_1785,Industrial
test_1786,Industrial
test_1787,Industrial
test_1788,Industrial
test_1789,Industrial
test_179,AnnualCrop
test_1790,Industrial
test_1791,Industrial
test_1792,Industrial
test_1793,Industrial
test_1794,Industrial
test_1795,Industrial
test_1796,Industrial
test_1797,Industrial
test_1798,Industrial
test_1799,Industrial
test_18,AnnualCrop
test_180,AnnualCrop
test_1800,Industrial
test_1801,Industrial
test_1802,Industrial
test_1803,Industrial
test_1804,Industrial
test_1805,Industrial
test_1806,Industrial
test_1807,Industrial
test_1808,Industrial
test_1809,Industrial
test_181,AnnualCrop
test_1810,Industrial
test_1811,Industrial
test_1812,Industrial
test_1813,Industrial
test_1814,Industrial
test_1815,Industrial
test_1816,Industrial
test_1817,Industrial
test_1818,Industrial
test_1819,Industrial
test_182,AnnualCrop
test_1820,Industrial
test_1821,Industrial
test_1822,Industrial
test_1823,Industrial
test_1824,Industrial
test_1825,Industrial
test_1826,Industrial
test_1827,Industrial
test_1828,Industrial
test_1829,Industrial
test_183,AnnualCrop
test_1830,Industrial
test_1831,Industrial
test_1832,Industrial
test_1833,Industrial
test_1834,Industrial
test_1835,Industrial
test_1836,Industrial
test_1837,Industrial
test_1838,Industrial
test_1839,Industrial
test_184,AnnualCrop
test_1840,Industrial
test_1841,Industrial
test_1842,Industrial
test_1843,Industrial
test_1844,Industrial
test_1845,Industrial
test_1846,Industrial
test_1847,Industrial
test_1848,Industrial
test_1849,Industrial
test_185,AnnualCrop
test_1850,Industrial
test_1851,Industrial
test_1852,Industrial
test_1853,Industrial
test_1854,Industrial
test_1855,Industrial
test_1856,Industrial
test_1857,Industrial
test_1858,Industrial
test_1859,Industrial
test_186,AnnualCrop
test_1860,Industrial
test_1861,Industrial
test_1862,Industrial
test_1863,Industrial
test_1864,Industrial
test_1865,Industrial
test_1866,Industrial
test_1867,Industrial
test_1868,Industrial
test_1869,Industrial
test_187,AnnualCrop
test_1870,Industrial
test_1871,Industrial
test_1872,Industrial
test_1873,Industrial
test_1874,Industrial
test_1875,Industrial
test_1876,Industrial
test_1877,Industrial
test_1878,Industrial
test_1879,Industrial
test_188,AnnualCrop
test_1880,Industrial
test_1881,Industrial
test_1882,Industrial
test_1883,Industrial
test_1884,Industrial
test_1885,Industrial
test_1886,Industrial
test_1887,Industrial
test_1888,Industrial
test_1889,Industrial
test_189,AnnualCrop
test_1890,Industrial
test_1891,Industrial
test_1892,Industrial
test_1893,Industrial
test_1894,Industrial
test_1895,Industrial
test_1896,Industrial
test_1897,Industrial
test_1898,Industrial
test_1899,Industrial
test_19,AnnualCrop
test_190,AnnualCrop
test_1900,Industrial
test_1901,Industrial
test_1902,Industrial
test_1903,Industrial
test_1904,Industrial
test_1905,Industrial
test_1906,Industrial
test_1907,Industrial
test_1908,Industrial
test_1909,Industrial
test_191,AnnualCrop
test_1910,Industrial
test_1911,Industrial
test_1912,Industrial
test_1913,Industrial
test_1914,Industrial
test_1915,Industrial
test_1916,Industrial
test_1917,Industrial
test_1918,Industrial
test_1919,Industrial
test_192,AnnualCrop
test_1920,Industrial
test_1921,Industrial
test_1922,Industrial
test_1923,Industrial
test_1924,Industrial
test_1925,Industrial
test_1926,Industrial
test_1927,Industrial
test_1928,Industrial
test_1929,Industrial
test_193,AnnualCrop
test_1930,Industrial
test_1931,Industrial
test_1932,Industrial
test_1933,Industrial
test_1934,Industrial
test_1935,Industrial
test_1936,Industrial
test_1937,Industrial
test_1938,Industrial
test_1939,Industrial
test_194,AnnualCrop
test_1940,Industrial
test_1941,Industrial
test_1942,Industrial
test_1943,Industrial
test_1944,Industrial
test_1945,Industrial
test_1946,Industrial
test_1947,Industrial
test_1948,Industrial
test_1949,Industrial
test_195,AnnualCrop
test_1950,Industrial
test_1951,Industrial
test_1952,Industrial
test_1953,Industrial
test_1954,Industrial
test_1955,Industrial
test_1956,Industrial
test_1957,Industrial
test_1958,Industrial
test_1959,Industrial
test_196,AnnualCrop
test_1960,Industrial
test_1961,Industrial
test_1962,Industrial
test_1963,Industrial
test_1964,Industrial
test_1965,Industrial
test_1966,Industrial
test_1967,Industrial
test_1968,Industrial
test_1969,Industrial
test_197,AnnualCrop
test_1970,Industrial
test_1971,Industrial
test_1972,Industrial
test_1973,Industrial
test_1974,Industrial
test_1975,Industrial
test_1976,Industrial
test_1977,Industrial
test_1978,Industrial
test_1979,Industrial
test_198,AnnualCrop
test_1980,Industrial
test_1981,Industrial
test_1982,Industrial
test_1983,Industrial
test_1984,Industrial
test_1985,Industrial
test_1986,Industrial
test_1987,Industrial
test_1988,Industrial
test_1989,Industrial
test_199,AnnualCrop
test_1990,Industrial
test_1991,Industrial
test_1992,Industrial
test_1993,Industrial
test_1994,Industrial
test_1995,Industrial
test_1996,Industrial
test_1997,Industrial
test_1998,Industrial
test_1999,Industrial
test_2,AnnualCrop
test_20,AnnualCrop
test_200,AnnualCrop
test_2000,Industrial
test_2001,Industrial
test_2002,Industrial
test_2003,Industrial
test_2004,Industrial
test_2005,Industrial
test_2006,Industrial
test_2007,Industrial
test_2008,Industrial
test_2009,Industrial
test_201,AnnualCrop
test_2010,Industrial
test_2011,Industrial
test_2012,Industrial
test_2013,Industrial
test_2014,Industrial
test_2015,Industrial
test_2016,Industrial
test_2017,Industrial
test_2018,Industrial
test_2019,Industrial
test_202,AnnualCrop
test_2020,Industrial
test_2021,Industrial
test_2022,Industrial
test_2023,Industrial
test_2024,Industrial
test_2025,Industrial
test_2026,Industrial
test_2027,Industrial
test_2028,Industrial
test_2029,Industrial
test_203,AnnualCrop
test_2030,Industrial
test_2031,Industrial
test_2032,Industrial
test_2033,Industrial
test_2034,Industrial
test_2035,Industrial
test_2036,Industrial
test_2037,Industrial
test_2038,Industrial
test_2039,Industrial
test_204,AnnualCrop
test_2040,Industrial
test_2041,Industrial
test_2042,Industrial
test_2043,Industrial
test_2044,Industrial
test_2045,Industrial
test_2046,Industrial
test_2047,Industrial
test_2048,Industrial
test_2049,Industrial
test_205,AnnualCrop
test_2050,Industrial
test_2051,Industrial
test_2052,Industrial
test_2053,Industrial
test_2054,Industrial
test_2055,Industrial
test_2056,Industrial
test_2057,Industrial
test_2058,Industrial
test_2059,Industrial
test_206,AnnualCrop
test_2060,Industrial
test_2061,Industrial
test_2062,Industrial
test_2063,Industrial
test_2064,Industrial
test_2065,Industrial
test_2066,Industrial
test_2067,Industrial
test_2068,Industrial
test_2069,Industrial
test_207,AnnualCrop
test_2070,Industrial
test_2071,Industrial
test_2072,Industrial
test_2073,Industrial
test_2074,Industrial
test_2075,Industrial
test_2076,Industrial
test_2077,Industrial
test_2078,Industrial
test_2079,Industrial
test_208,AnnualCrop
test_2080,Industrial
test_2081,Industrial
test_2082,Industrial
test_2083,Industrial
test_2084,Industrial
test_2085,Industrial
test_2086,Industrial
test_2087,Industrial
test_2088,Industrial
test_2089,Industrial
test_209,AnnualCrop
test_2090,Industrial
test_2091,Industrial
test_2092,Industrial
test_2093,Industrial
test_2094,Industrial
test_2095,Industrial
test_2096,Industrial
test_2097,Industrial
test_2098,Industrial
test_2099,Industrial
test_21,AnnualCrop
test_210,AnnualCrop
test_2100,Industrial
test_2101,Pasture
test_2102,Pasture
test_2103,Pasture
test_2104,Pasture
test_2105,Pasture
test_2106,Pasture
test_2107,Pasture
test_2108,Pasture
test_2109,Pasture
test_211,AnnualCrop
test_2110,Pasture
test_2111,Pasture
test_2112,Pasture
test_2113,Pasture
test_2114,Pasture
test_2115,Pasture
test_2116,Pasture
test_2117,Pasture
test_2118,Pasture
test_2119,Pasture
test_212,AnnualCrop
test_2120,Pasture
test_2121,Pasture
test_2122,Pasture
test_2123,Pasture
test_2124,Pasture
test_2125,Pasture
test_2126,Pasture
test_2127,Pasture
test_2128,Pasture
test_2129,Pasture
test_213,AnnualCrop
test_2130,Pasture
test_2131,Pasture
test_2132,Pasture
test_2133,Pasture
test_2134,Pasture
test_2135,Pasture
test_2136,Pasture
test_2137,Pasture
test_2138,Pasture
test_2139,Pasture
test_214,AnnualCrop
test_2140,Pasture
test_2141,Pasture
test_2142,Pasture
test_2143,Pasture
test_2144,Pasture
test_2145,Pasture
test_2146,Pasture
test_2147,Pasture
test_2148,Pasture
test_2149,Pasture
test_215,AnnualCrop
test_2150,Pasture
test_2151,Pasture
test_2152,Pasture
test_2153,Pasture
test_2154,Pasture
test_2155,Pasture
test_2156,Pasture
test_2157,Pasture
test_2158,Pasture
test_2159,Pasture
test_216,AnnualCrop
test_2160,Pasture
test_2161,Pasture
test_2162,Pasture
test_2163,Pasture
test_2164,Pasture
test_2165,Pasture
test_2166,Pasture
test_2167,Pasture
test_2168,Pasture
test_2169,Pasture
test_217,AnnualCrop
test_2170,Pasture
test_2171,Pasture
test_2172,Pasture
test_2173,Pasture
test_2174,Pasture
test_2175,Pasture
test_2176,Pasture
test_2177,Pasture
test_2178,Pasture
test_2179,Pasture
test_218,AnnualCrop
test_2180,Pasture
test_2181,Pasture
test_2182,Pasture
test_2183,Pasture
test_2184,Pasture
test_2185,Pasture
test_2186,Pasture
test_2187,Pasture
test_2188,Pasture
test_2189,Pasture
test_219,AnnualCrop
test_2190,Pasture
test_2191,Pasture
test_2192,Pasture
test_2193,Pasture
test_2194,Pasture
test_2195,Pasture
test_2196,Pasture
test_2197,Pasture
test_2198,Pasture
test_2199,Pasture
test_22,AnnualCrop
test_220,AnnualCrop
test_2200,Pasture
test_2201,Pasture
test_2202,Pasture
test_2203,Pasture
test_2204,Pasture
test_2205,Pasture
test_2206,Pasture
test_2207,Pasture
test_2208,Pasture
test_2209,Pasture
test_221,AnnualCrop
test_2210,Pasture
test_2211,Pasture
test_2212,Pasture
test_2213,Pasture
test_2214,Pasture
test_2215,Pasture
test_2216,Pasture
test_2217,Pasture
test_2218,Pasture
test_2219,Pasture
test_222,AnnualCrop
test_2220,Pasture
test_2221,Pasture
test_2222,Pasture
test_2223,Pasture
test_2224,Pasture
test_2225,Pasture
test_2226,Pasture
test_2227,Pasture
test_2228,Pasture
test_2229,Pasture
test_223,AnnualCrop
test_2230,Pasture
test_2231,Pasture
test_2232,Pasture
test_2233,Pasture
test_2234,Pasture
test_2235,Pasture
test_2236,Pasture
test_2237,Pasture
test_2238,Pasture
test_2239,Pasture
test_224,AnnualCrop
test_2240,Pasture
test_2241,Pasture
test_2242,Pasture
test_2243,Pasture
test_2244,Pasture
test_2245,Pasture
test_2246,Pasture
test_2247,Pasture
test_2248,Pasture
test_2249,Pasture
test_225,AnnualCrop
test_2250,Pasture
test_2251,Pasture
test_2252,Pasture
test_2253,Pasture
test_2254,Pasture
test_2255,Pasture
test_2256,Pasture
test_2257,Pasture
test_2258,Pasture
test_2259,Pasture
test_226,AnnualCrop
test_2260,Pasture
test_2261,Pasture
test_2262,Pasture
test_2263,Pasture
test_2264,Pasture
test_2265,Pasture
test_2266,Pasture
test_2267,Pasture
test_2268,Pasture
test_2269,Pasture
test_227,AnnualCrop
test_2270,Pasture
test_2271,Pasture
test_2272,Pasture
test_2273,Pasture
test_2274,Pasture
test_2275,Pasture
test_2276,Pasture
test_2277,Pasture
test_2278,Pasture
test_2279,Pasture
test_228,AnnualCrop
test_2280,Pasture
test_2281,Pasture
test_2282,Pasture
test_2283,Pasture
test_2284,Pasture
test_2285,Pasture
test_2286,Pasture
test_2287,Pasture
test_2288,Pasture
test_2289,Pasture
test_229,AnnualCrop
test_2290,Pasture
test_2291,Pasture
test_2292,Pasture
test_2293,Pasture
test_2294,Pasture
test_2295,Pasture
test_2296,Pasture
test_2297,Pasture
test_2298,Pasture
test_2299,Pasture
test_23,AnnualCrop
test_230,AnnualCrop
test_2300,Pasture
test_2301,Pasture
test_2302,Pasture
test_2303,Pasture
test_2304,Pasture
test_2305,Pasture
test_2306,Pasture
test_2307,Pasture
test_2308,Pasture
test_2309,Pasture
test_231,AnnualCrop
test_2310,Pasture
test_2311,Pasture
test_2312,Pasture
test_2313,Pasture
test_2314,Pasture
test_2315,Pasture
test_2316,Pasture
test_2317,Pasture
test_2318,Pasture
test_2319,Pasture
test_232,AnnualCrop
test_2320,Pasture
test_2321,Pasture
test_2322,Pasture
test_2323,Pasture
test_2324,Pasture
test_2325,Pasture
test_2326,Pasture
test_2327,Pasture
test_2328,Pasture
test_2329,Pasture
test_233,AnnualCrop
test_2330,Pasture
test_2331,Pasture
test_2332,Pasture
test_2333,Pasture
test_2334,Pasture
test_2335,Pasture
test_2336,Pasture
test_2337,Pasture
test_2338,Pasture
test_2339,Pasture
test_234,AnnualCrop
test_2340,Pasture
test_2341,Pasture
test_2342,Pasture
test_2343,Pasture
test_2344,Pasture
test_2345,Pasture
test_2346,Pasture
test_2347,Pasture
test_2348,Pasture
test_2349,Pasture
test_235,AnnualCrop
test_2350,Pasture
test_2351,Pasture
test_2352,Pasture
test_2353,Pasture
test_2354,Pasture
test_2355,Pasture
test_2356,Pasture
test_2357,Pasture
test_2358,Pasture
test_2359,Pasture
test_236,AnnualCrop
test_2360,Pasture
test_2361,Pasture
test_2362,Pasture
test_2363,Pasture
test_2364,Pasture
test_2365,Pasture
test_2366,Pasture
test_2367,Pasture
test_2368,Pasture
test_2369,Pasture
test_237,AnnualCrop
test_2370,Pasture
test_2371,Pasture
test_2372,Pasture
test_2373,Pasture
test_2374,Pasture
test_2375,Pasture
test_2376,Pasture
test_2377,Pasture
test_2378,Pasture
test_2379,Pasture
test_238,AnnualCrop
test_2380,Pasture
test_2381,Pasture
test_2382,Pasture
test_2383,Pasture
test_2384,Pasture
test_2385,Pasture
test_2386,Pasture
test_2387,Pasture
test_2388,Pasture
test_2389,Pasture
test_239,AnnualCrop
test_2390,Pasture
test_2391,Pasture
test_2392,Pasture
test_2393,Pasture
test_2394,Pasture
test_2395,Pasture
test_2396,Pasture
test_2397,Pasture
test_2398,Pasture
test_2399,Pasture
test_24,AnnualCrop
test_240,AnnualCrop
test_2400,Pasture
test_2401,PermanentCrop
test_2402,PermanentCrop
test_2403,PermanentCrop
test_2404,PermanentCrop
test_2405,PermanentCrop
test_2406,PermanentCrop
test_2407,PermanentCrop
test_2408,PermanentCrop
test_2409,PermanentCrop
test_241,AnnualCrop
test_2410,PermanentCrop
test_2411,PermanentCrop
test_2412,PermanentCrop
test_2413,PermanentCrop
test_2414,PermanentCrop
test_2415,PermanentCrop
test_2416,PermanentCrop
test_2417,PermanentCrop
test_2418,PermanentCrop
test_2419,PermanentCrop
test_242,AnnualCrop
test_2420,PermanentCrop
test_2421,PermanentCrop
test_2422,PermanentCrop
test_2423,PermanentCrop
test_2424,PermanentCrop
test_2425,PermanentCrop
test_2426,PermanentCrop
test_2427,PermanentCrop
test_2428,PermanentCrop
test_2429,PermanentCrop
test_243,AnnualCrop
test_2430,PermanentCrop
test_2431,PermanentCrop
test_2432,PermanentCrop
test_2433,PermanentCrop
test_2434,PermanentCrop
test_2435,PermanentCrop
test_2436,PermanentCrop
test_2437,PermanentCrop
test_2438,PermanentCrop
test_2439,PermanentCrop
test_244,AnnualCrop
test_2440,PermanentCrop
test_2441,PermanentCrop
test_2442,PermanentCrop
test_2443,PermanentCrop
test_2444,PermanentCrop
test_2445,PermanentCrop
test_2446,PermanentCrop
test_2447,PermanentCrop
test_2448,PermanentCrop
test_2449,PermanentCrop
test_245,AnnualCrop
test_2450,PermanentCrop
test_2451,PermanentCrop
test_2452,PermanentCrop
test_2453,PermanentCrop
test_2454,PermanentCrop
test_2455,PermanentCrop
test_2456,PermanentCrop
test_2457,PermanentCrop
test_2458,PermanentCrop
test_2459,PermanentCrop
test_246,AnnualCrop
test_2460,PermanentCrop
test_2461,PermanentCrop
test_2462,PermanentCrop
test_2463,PermanentCrop
test_2464,PermanentCrop
test_2465,PermanentCrop
test_2466,PermanentCrop
test_2467,PermanentCrop
test_2468,PermanentCrop
test_2469,PermanentCrop
test_247,AnnualCrop
test_2470,PermanentCrop
test_2471,PermanentCrop
test_2472,PermanentCrop
test_2473,PermanentCrop
test_2474,PermanentCrop
test_2475,PermanentCrop
test_2476,PermanentCrop
test_2477,PermanentCrop
test_2478,PermanentCrop
test_2479,PermanentCrop
test_248,AnnualCrop
test_2480,PermanentCrop
test_2481,PermanentCrop
test_2482,PermanentCrop
test_2483,PermanentCrop
test_2484,PermanentCrop
test_2485,PermanentCrop
test_2486,PermanentCrop
test_2487,PermanentCrop
test_2488,PermanentCrop
test_2489,PermanentCrop
test_249,AnnualCrop
test_2490,PermanentCrop
test_2491,PermanentCrop
test_2492,PermanentCrop
test_2493,PermanentCrop
test_2494,PermanentCrop
test_2495,PermanentCrop
test_2496,PermanentCrop
test_2497,PermanentCrop
test_2498,PermanentCrop
test_2499,PermanentCrop
test_25,AnnualCrop
test_250,AnnualCrop
test_2500,PermanentCrop
test_2501,PermanentCrop
test_2502,PermanentCrop
test_2503,PermanentCrop
test_2504,PermanentCrop
test_2505,PermanentCrop
test_2506,PermanentCrop
test_2507,PermanentCrop
test_2508,PermanentCrop
test_2509,PermanentCrop
test_251,AnnualCrop
test_2510,PermanentCrop
test_2511,PermanentCrop
test_2512,PermanentCrop
test_2513,PermanentCrop
test_2514,PermanentCrop
test_2515,PermanentCrop
test_2516,PermanentCrop
test_2517,PermanentCrop
test_2518,PermanentCrop
test_2519,PermanentCrop
test_252,AnnualCrop
test_2520,PermanentCrop
test_2521,PermanentCrop
test_2522,PermanentCrop
test_2523,PermanentCrop
test_2524,PermanentCrop
test_2525,PermanentCrop
test_2526,PermanentCrop
test_2527,PermanentCrop
test_2528,PermanentCrop
test_2529,PermanentCrop
test_253,AnnualCrop
test_2530,PermanentCrop
test_2531,PermanentCrop
test_2532,PermanentCrop
test_2533,PermanentCrop
test_2534,PermanentCrop
test_2535,PermanentCrop
test_2536,PermanentCrop
test_2537,PermanentCrop
test_2538,PermanentCrop
test_2539,PermanentCrop
test_254,AnnualCrop
test_2540,PermanentCrop
test_2541,PermanentCrop
test_2542,PermanentCrop
test_2543,PermanentCrop
test_2544,PermanentCrop
test_2545,PermanentCrop
test_2546,PermanentCrop
test_2547,PermanentCrop
test_2548,PermanentCrop
test_2549,PermanentCrop
test_255,AnnualCrop
test_2550,PermanentCrop
test_2551,PermanentCrop
test_2552,PermanentCrop
test_2553,PermanentCrop
test_2554,PermanentCrop
test_2555,PermanentCrop
test_2556,PermanentCrop
test_2557,PermanentCrop
test_2558,PermanentCrop
test_2559,PermanentCrop
test_256,AnnualCrop
test_2560,PermanentCrop
test_2561,PermanentCrop
test_2562,PermanentCrop
test_2563,PermanentCrop
test_2564,PermanentCrop
test_2565,PermanentCrop
test_2566,PermanentCrop
test_2567,PermanentCrop
test_2568,PermanentCrop
test_2569,PermanentCrop
test_257,AnnualCrop
test_2570,PermanentCrop
test_2571,PermanentCrop
test_2572,PermanentCrop
test_2573,PermanentCrop
test_2574,PermanentCrop
test_2575,PermanentCrop
test_2576,PermanentCrop
test_2577,PermanentCrop
test_2578,PermanentCrop
test_2579,AnnualCrop
test_258,AnnualCrop
test_2580,PermanentCrop
test_2581,PermanentCrop
test_2582,PermanentCrop
test_2583,PermanentCrop
test_2584,PermanentCrop
test_2585,PermanentCrop
test_2586,PermanentCrop
test_2587,PermanentCrop
test_2588,PermanentCrop
test_2589,PermanentCrop
test_259,AnnualCrop
test_2590,PermanentCrop
test_2591,PermanentCrop
test_2592,PermanentCrop
test_2593,PermanentCrop
test_2594,PermanentCrop
test_2595,PermanentCrop
test_2596,PermanentCrop
test_2597,PermanentCrop
test_2598,PermanentCrop
test_2599,PermanentCrop
test_26,AnnualCrop
test_260,AnnualCrop
test_2600,PermanentCrop
test_2601,PermanentCrop
test_2602,PermanentCrop
test_2603,PermanentCrop
test_2604,PermanentCrop
test_2605,PermanentCrop
test_2606,PermanentCrop
test_2607,PermanentCrop
test_2608,PermanentCrop
test_2609,PermanentCrop
test_261,AnnualCrop
test_2610,PermanentCrop
test_2611,PermanentCrop
test_2612,PermanentCrop
test_2613,PermanentCrop
test_2614,PermanentCrop
test_2615,PermanentCrop
test_2616,PermanentCrop
test_2617,PermanentCrop
test_2618,PermanentCrop
test_2619,PermanentCrop
test_262,AnnualCrop
test_2620,PermanentCrop
test_2621,PermanentCrop
test_2622,PermanentCrop
test_2623,PermanentCrop
test_2624,PermanentCrop
test_2625,PermanentCrop
test_2626,PermanentCrop
test_2627,PermanentCrop
test_2628,PermanentCrop
test_2629,PermanentCrop
test_263,AnnualCrop
test_2630,PermanentCrop
test_2631,PermanentCrop
test_2632,PermanentCrop
test_2633,PermanentCrop
test_2634,PermanentCrop
test_2635,PermanentCrop
test_2636,PermanentCrop
test_2637,PermanentCrop
test_2638,PermanentCrop
test_2639,PermanentCrop
test_264,AnnualCrop
test_2640,PermanentCrop
test_2641,PermanentCrop
test_2642,PermanentCrop
test_2643,PermanentCrop
test_2644,PermanentCrop
test_2645,PermanentCrop
test_2646,PermanentCrop
test_2647,PermanentCrop
test_2648,PermanentCrop
test_2649,PermanentCrop
test_265,AnnualCrop
test_2650,PermanentCrop
test_2651,PermanentCrop
test_2652,PermanentCrop
test_2653,PermanentCrop
test_2654,PermanentCrop
test_2655,PermanentCrop
test_2656,PermanentCrop
test_2657,PermanentCrop
test_2658,PermanentCrop
test_2659,PermanentCrop
test_266,AnnualCrop
test_2660,PermanentCrop
test_2661,PermanentCrop
test_2662,PermanentCrop
test_2663,PermanentCrop
test_2664,PermanentCrop
test_2665,PermanentCrop
test_2666,PermanentCrop
test_2667,PermanentCrop
test_2668,PermanentCrop
test_2669,PermanentCrop
test_267,AnnualCrop
test_2670,PermanentCrop
test_2671,PermanentCrop
test_2672,PermanentCrop
test_2673,PermanentCrop
test_2674,PermanentCrop
test_2675,PermanentCrop
test_2676,PermanentCrop
test_2677,PermanentCrop
test_2678,AnnualCrop
test_2679,PermanentCrop
test_268,AnnualCrop
test_2680,PermanentCrop
test_2681,PermanentCrop
test_2682,PermanentCrop
test_2683,PermanentCrop
test_2684,PermanentCrop
test_2685,PermanentCrop
test_2686,PermanentCrop
test_2687,PermanentCrop
test_2688,PermanentCrop
test_2689,PermanentCrop
test_269,AnnualCrop
test_2690,PermanentCrop
test_2691,PermanentCrop
test_2692,PermanentCrop
test_2693,PermanentCrop
test_2694,PermanentCrop
test_2695,PermanentCrop
test_2696,PermanentCrop
test_2697,PermanentCrop
test_2698,PermanentCrop
test_2699,PermanentCrop
test_27,AnnualCrop
test_270,AnnualCrop
test_2700,PermanentCrop
test_2701,PermanentCrop
test_2702,PermanentCrop
test_2703,PermanentCrop
test_2704,PermanentCrop
test_2705,PermanentCrop
test_2706,PermanentCrop
test_2707,PermanentCrop
test_2708,PermanentCrop
test_2709,PermanentCrop
test_271,AnnualCrop
test_2710,PermanentCrop
test_2711,PermanentCrop
test_2712,PermanentCrop
test_2713,PermanentCrop
test_2714,PermanentCrop
test_2715,PermanentCrop
test_2716,PermanentCrop
test_2717,PermanentCrop
test_2718,PermanentCrop
test_2719,PermanentCrop
test_272,AnnualCrop
test_2720,PermanentCrop
test_2721,PermanentCrop
test_2722,PermanentCrop
test_2723,PermanentCrop
test_2724,PermanentCrop
test_2725,HerbaceousVegetation
test_2726,PermanentCrop
test_2727,PermanentCrop
test_2728,PermanentCrop
test_2729,PermanentCrop
test_273,AnnualCrop
test_2730,PermanentCrop
test_2731,PermanentCrop
test_2732,PermanentCrop
test_2733,PermanentCrop
test_2734,PermanentCrop
test_2735,PermanentCrop
test_2736,PermanentCrop
test_2737,PermanentCrop
test_2738,PermanentCrop
test_2739,PermanentCrop
test_274,AnnualCrop
test_2740,PermanentCrop
test_2741,PermanentCrop
test_2742,PermanentCrop
test_2743,PermanentCrop
test_2744,PermanentCrop
test_2745,PermanentCrop
test_2746,PermanentCrop
test_2747,PermanentCrop
test_2748,PermanentCrop
test_2749,PermanentCrop
test_275,AnnualCrop
test_2750,PermanentCrop
test_2751,PermanentCrop
test_2752,PermanentCrop
test_2753,PermanentCrop
test_2754,PermanentCrop
test_2755,PermanentCrop
test_2756,PermanentCrop
test_2757,PermanentCrop
test_2758,PermanentCrop
test_2759,PermanentCrop
test_276,AnnualCrop
test_2760,PermanentCrop
test_2761,PermanentCrop
test_2762,PermanentCrop
test_2763,PermanentCrop
test_2764,PermanentCrop
test_2765,PermanentCrop
test_2766,PermanentCrop
test_2767,PermanentCrop
test_2768,PermanentCrop
test_2769,PermanentCrop
test_277,AnnualCrop
test_2770,PermanentCrop
test_2771,PermanentCrop
test_2772,PermanentCrop
test_2773,PermanentCrop
test_2774,PermanentCrop
test_2775,PermanentCrop
test_2776,Residential
test_2777,Residential
test_2778,Residential
test_2779,Residential
test_278,AnnualCrop
test_2780,Residential
test_2781,Residential
test_2782,Residential
test_2783,Residential
test_2784,Residential
test_2785,Residential
test_2786,Residential
test_2787,Residential
test_2788,Residential
test_2789,Residential
test_279,AnnualCrop
test_2790,Residential
test_2791,Residential
test_2792,Residential
test_2793,Residential
test_2794,Residential
test_2795,Residential
test_2796,Residential
test_2797,Residential
test_2798,Residential
test_2799,Residential
test_28,AnnualCrop
test_280,AnnualCrop
test_2800,Residential
test_2801,Residential
test_2802,Residential
test_2803,Residential
test_2804,Residential
test_2805,Residential
test_2806,Residential
test_2807,Residential
test_2808,Residential
test_2809,Residential
test_281,AnnualCrop
test_2810,Residential
test_2811,Residential
test_2812,Residential
test_2813,Residential
test_2814,Residential
test_2815,Residential
test_2816,Residential
test_2817,Residential
test_2818,Residential
test_2819,Residential
test_282,AnnualCrop
test_2820,Residential
test_2821,Residential
test_2822,Residential
test_2823,Residential
test_2824,Residential
test_2825,Residential
test_2826,Residential
test_2827,Residential
test_2828,Residential
test_2829,Residential
test_283,AnnualCrop
test_2830,Residential
test_2831,Residential
test_2832,Residential
test_2833,Residential
test_2834,Residential
test_2835,Residential
test_2836,Residential
test_2837,Residential
test_2838,Residential
test_2839,Residential
test_284,AnnualCrop
test_2840,Residential
test_2841,Residential
test_2842,Residential
test_2843,Residential
test_2844,Residential
test_2845,Residential
test_2846,Residential
test_2847,Residential
test_2848,Residential
test_2849,Residential
test_285,AnnualCrop
test_2850,Residential
test_2851,Residential
test_2852,Residential
test_2853,Residential
test_2854,Residential
test_2855,Residential
test_2856,Residential
test_2857,Residential
test_2858,Residential
test_2859,Residential
test_286,AnnualCrop
test_2860,Residential
test_2861,Residential
test_2862,Residential
test_2863,Residential
test_2864,Residential
test_2865,Residential
test_2866,Residential
test_2867,Residential
test_2868,Residential
test_2869,Residential
test_287,AnnualCrop
test_2870,Residential
test_2871,Residential
test_2872,Residential
test_2873,Residential
test_2874,Residential
test_2875,Residential
test_2876,Residential
test_2877,Residential
test_2878,Residential
test_2879,Residential
test_288,AnnualCrop
test_2880,Residential
test_2881,Residential
test_2882,Residential
test_2883,Residential
test_2884,Residential
test_2885,Residential
test_2886,Residential
test_2887,Residential
test_2888,Residential
test_2889,Residential
test_289,AnnualCrop
test_2890,Residential
test_2891,Residential
test_2892,Residential
test_2893,Residential
test_2894,Residential
test_2895,Residential
test_2896,Residential
test_2897,Residential
test_2898,Residential
test_2899,Residential
test_29,AnnualCrop
test_290,AnnualCrop
test_2900,Residential
test_2901,Residential
test_2902,Residential
test_2903,Residential
test_2904,Residential
test_2905,Residential
test_2906,Residential
test_2907,Residential
test_2908,Residential
test_2909,Residential
test_291,AnnualCrop
test_2910,Residential
test_2911,Residential
test_2912,Residential
test_2913,Residential
test_2914,Residential
test_2915,Residential
test_2916,Residential
test_2917,Residential
test_2918,Residential
test_2919,Residential
test_292,AnnualCrop
test_2920,Residential
test_2921,Residential
test_2922,Residential
test_2923,Residential
test_2924,Residential
test_2925,Residential
test_2926,Residential
test_2927,Residential
test_2928,Residential
test_2929,Residential
test_293,AnnualCrop
test_2930,Residential
test_2931,Residential
test_2932,Residential
test_2933,Residential
test_2934,Residential
test_2935,Residential
test_2936,Residential
test_2937,Residential
test_2938,Residential
test_2939,Residential
test_294,AnnualCrop
test_2940,Residential
test_2941,Residential
test_2942,Residential
test_2943,Residential
test_2944,Residential
test_2945,Residential
test_2946,Residential
test_2947,Residential
test_2948,Residential
test_2949,Residential
test_295,AnnualCrop
test_2950,Residential
test_2951,Residential
test_2952,Residential
test_2953,Residential
test_2954,Residential
test_2955,Residential
test_2956,Residential
test_2957,Residential
test_2958,Residential
test_2959,Residential
test_296,AnnualCrop
test_2960,Residential
test_2961,Residential
test_2962,Residential
test_2963,Residential
test_2964,Residential
test_2965,Residential
test_2966,Residential
test_2967,Residential
test_2968,Residential
test_2969,Residential
test_297,AnnualCrop
test_2970,Residential
test_2971,Residential
test_2972,Residential
test_2973,Residential
test_2974,Residential
test_2975,Residential
test_2976,Residential
test_2977,Residential
test_2978,Residential
test_2979,Residential
test_298,AnnualCrop
test_2980,Residential
test_2981,Residential
test_2982,Residential
test_2983,Residential
test_2984,Residential
test_2985,Residential
test_2986,Residential
test_2987,Residential
test_2988,Residential
test_2989,Residential
test_299,AnnualCrop
test_2990,Residential
test_2991,Residential
test_2992,Residential
test_2993,Residential
test_2994,Residential
test_2995,Residential
test_2996,Residential
test_2997,Residential
test_2998,Residential
test_2999,Residential
test_3,AnnualCrop
test_30,AnnualCrop
test_300,AnnualCrop
test_3000,Residential
test_3001,Residential
test_3002,Residential
test_3003,Residential
test_3004,Residential
test_3005,Residential
test_3006,Residential
test_3007,Residential
test_3008,Residential
test_3009,Residential
test_301,AnnualCrop
test_3010,Residential
test_3011,Residential
test_3012,Residential
test_3013,Residential
test_3014,Residential
test_3015,Residential
test_3016,Residential
test_3017,Residential
test_3018,Residential
test_3019,Residential
test_302,AnnualCrop
test_3020,Residential
test_3021,Residential
test_3022,Residential
test_3023,Residential
test_3024,Residential
test_3025,Residential
test_3026,Residential
test_3027,Residential
test_3028,Residential
test_3029,Residential
test_303,AnnualCrop
test_3030,Residential
test_3031,Residential
test_3032,Residential
test_3033,Residential
test_3034,Residential
test_3035,Residential
test_3036,Residential
test_3037,Residential
test_3038,Residential
test_3039,Residential
test_304,AnnualCrop
test_3040,Residential
test_3041,Residential
test_3042,Residential
test_3043,Residential
test_3044,Residential
test_3045,Residential
test_3046,Residential
test_3047,Residential
test_3048,Residential
test_3049,Residential
test_305,AnnualCrop
test_3050,Residential
test_3051,Residential
test_3052,Residential
test_3053,Residential
test_3054,Residential
test_3055,Residential
test_3056,Residential
test_3057,Residential
test_3058,Residential
test_3059,Residential
test_306,AnnualCrop
test_3060,Residential
test_3061,Residential
test_3062,Residential
test_3063,Residential
test_3064,Residential
test_3065,Residential
test_3066,Residential
test_3067,Residential
test_3068,Residential
test_3069,Residential
test_307,AnnualCrop
test_3070,Residential
test_3071,Residential
test_3072,Residential
test_3073,Residential
test_3074,Residential
test_3075,Residential
test_3076,Residential
test_3077,Residential
test_3078,Residential
test_3079,Residential
test_308,AnnualCrop
test_3080,Residential
test_3081,Residential
test_3082,Residential
test_3083,Residential
test_3084,Residential
test_3085,Residential
test_3086,Residential
test_3087,Residential
test_3088,Residential
test_3089,Residential
test_309,AnnualCrop
test_3090,Residential
test_3091,Residential
test_3092,Residential
test_3093,Residential
test_3094,Residential
test_3095,Residential
test_3096,Residential
test_3097,Residential
test_3098,Residential
test_3099,Residential
test_31,AnnualCrop
test_310,AnnualCrop
test_3100,Residential
test_3101,Residential
test_3102,Residential
test_3103,Residential
test_3104,Residential
test_3105,Residential
test_3106,Residential
test_3107,Residential
test_3108,Residential
test_3109,Residential
test_311,AnnualCrop
test_3110,Residential
test_3111,Residential
test_3112,Residential
test_3113,Residential
test_3114,Residential
test_3115,Residential
test_3116,Residential
test_3117,Residential
test_3118,Residential
test_3119,Residential
test_312,AnnualCrop
test_3120,Residential
test_3121,Residential
test_3122,Residential
test_3123,Residential
test_3124,Residential
test_3125,Residential
test_3126,Residential
test_3127,Residential
test_3128,Residential
test_3129,Residential
test_313,AnnualCrop
test_3130,Residential
test_3131,Residential
test_3132,Residential
test_3133,Residential
test_3134,Residential
test_3135,Residential
test_3136,Residential
test_3137,Residential
test_3138,Residential
test_3139,Residential
test_314,AnnualCrop
test_3140,Residential
test_3141,Residential
test_3142,Residential
test_3143,Residential
test_3144,Residential
test_3145,Residential
test_3146,Residential
test_3147,Residential
test_3148,Residential
test_3149,Residential
test_315,AnnualCrop
test_3150,Residential
test_3151,Residential
test_3152,Residential
test_3153,Residential
test_3154,Residential
test_3155,Residential
test_3156,Residential
test_3157,Residential
test_3158,Residential
test_3159,Residential
test_316,AnnualCrop
test_3160,Residential
test_3161,Residential
test_3162,Residential
test_3163,Residential
test_3164,Residential
test_3165,Residential
test_3166,Residential
test_3167,Residential
test_3168,Residential
test_3169,Residential
test_317,AnnualCrop
test_3170,Residential
test_3171,Residential
test_3172,Residential
test_3173,Residential
test_3174,Residential
test_3175,Residential
test_3176,Residential
test_3177,Residential
test_3178,Residential
test_3179,Residential
test_318,AnnualCrop
test_3180,Residential
test_3181,Residential
test_3182,Residential
test_3183,Residential
test_3184,Residential
test_3185,Residential
test_3186,Residential
test_3187,Residential
test_3188,Residential
test_3189,Residential
test_319,AnnualCrop
test_3190,Residential
test_3191,Residential
test_3192,Residential
test_3193,Residential
test_3194,Residential
test_3195,Residential
test_3196,Residential
test_3197,Residential
test_3198,Residential
test_3199,Residential
test_32,AnnualCrop
test_320,AnnualCrop
test_3200,Residential
test_3201,Residential
test_3202,Residential
test_3203,Residential
test_3204,Residential
test_3205,Residential
test_3206,Residential
test_3207,Residential
test_3208,Residential
test_3209,Residential
test_321,AnnualCrop
test_3210,Residential
test_3211,Residential
test_3212,Residential
test_3213,Residential
test_3214,Residential
test_3215,Residential
test_3216,Residential
test_3217,Residential
test_3218,Residential
test_3219,Residential
test_322,AnnualCrop
test_3220,Residential
test_3221,Residential
test_3222,Residential
test_3223,Residential
test_3224,Residential
test_3225,Residential
test_3226,River
test_3227,River
test_3228,River
test_3229,River
test_323,AnnualCrop
test_3230,River
test_3231,River
test_3232,River
test_3233,River
test_3234,River
test_3235,River
test_3236,River
test_3237,River
test_3238,River
test_3239,River
test_324,AnnualCrop
test_3240,River
test_3241,River
test_3242,River
test_3243,River
test_3244,River
test_3245,River
test_3246,River
test_3247,River
test_3248,River
test_3249,River
test_325,AnnualCrop
test_3250,River
test_3251,River
test_3252,River
test_3253,River
test_3254,River
test_3255,River
test_3256,River
test_3257,River
test_3258,River
test_3259,River
test_326,AnnualCrop
test_3260,River
test_3261,River
test_3262,River
test_3263,River
test_3264,River
test_3265,River
test_3266,River
test_3267,River
test_3268,River
test_3269,River
test_327,AnnualCrop
test_3270,River
test_3271,River
test_3272,River
test_3273,River
test_3274,River
test_3275,River
test_3276,River
test_3277,River
test_3278,River
test_3279,River
test_328,AnnualCrop
test_3280,Pasture
test_3281,River
test_3282,River
test_3283,River
test_3284,River
test_3285,River
test_3286,River
test_3287,River
test_3288,River
test_3289,River
test_329,AnnualCrop
test_3290,River
test_3291,River
test_3292,River
test_3293,River
test_3294,River
test_3295,River
test_3296,River
test_3297,River
test_3298,River
test_3299,River
test_33,AnnualCrop
test_330,AnnualCrop
test_3300,River
test_3301,River
test_3302,Highway
test_3303,River
test_3304,River
test_3305,River
test_3306,River
test_3307,River
test_3308,River
test_3309,River
test_331,AnnualCrop
test_3310,River
test_3311,River
test_3312,River
test_3313,River
test_3314,River
test_3315,River
test_3316,River
test_3317,River
test_3318,River
test_3319,River
test_332,AnnualCrop
test_3320,River
test_3321,River
test_3322,River
test_3323,River
test_3324,River
test_3325,River
test_3326,River
test_3327,River
test_3328,River
test_3329,River
test_333,Pasture
test_3330,River
test_3331,River
test_3332,River
test_3333,River
test_3334,River
test_3335,River
test_3336,River
test_3337,River
test_3338,River
test_3339,River
test_334,AnnualCrop
test_3340,River
test_3341,River
test_3342,River
test_3343,River
test_3344,River
test_3345,River
test_3346,River
test_3347,River
test_3348,River
test_3349,River
test_335,AnnualCrop
test_3350,River
test_3351,River
test_3352,River
test_3353,River
test_3354,River
test_3355,River
test_3356,River
test_3357,River
test_3358,River
test_3359,River
test_336,AnnualCrop
test_3360,River
test_3361,River
test_3362,River
test_3363,River
test_3364,River
test_3365,River
test_3366,River
test_3367,River
test_3368,River
test_3369,River
test_337,AnnualCrop
test_3370,River
test_3371,River
test_3372,River
test_3373,River
test_3374,River
test_3375,River
test_3376,River
test_3377,River
test_3378,River
test_3379,River
test_338,AnnualCrop
test_3380,River
test_3381,River
test_3382,River
test_3383,River
test_3384,River
test_3385,River
test_3386,River
test_3387,River
test_3388,River
test_3389,River
test_339,AnnualCrop
test_3390,River
test_3391,River
test_3392,River
test_3393,River
test_3394,River
test_3395,River
test_3396,River
test_3397,River
test_3398,River
test_3399,River
test_34,AnnualCrop
test_340,AnnualCrop
test_3400,River
test_3401,River
test_3402,River
test_3403,River
test_3404,SeaLake
test_3405,Pasture
test_3406,River
test_3407,River
test_3408,River
test_3409,River
test_341,AnnualCrop
test_3410,River
test_3411,River
test_3412,River
test_3413,River
test_3414,River
test_3415,River
test_3416,River
test_3417,River
test_3418,River
test_3419,River
test_342,AnnualCrop
test_3420,River
test_3421,River
test_3422,River
test_3423,River
test_3424,River
test_3425,River
test_3426,River
test_3427,River
test_3428,River
test_3429,River
test_343,AnnualCrop
test_3430,River
test_3431,River
test_3432,River
test_3433,River
test_3434,River
test_3435,River
test_3436,River
test_3437,River
test_3438,River
test_3439,River
test_344,AnnualCrop
test_3440,River
test_3441,River
test_3442,River
test_3443,River
test_3444,River
test_3445,River
test_3446,River
test_3447,River
test_3448,River
test_3449,River
test_345,AnnualCrop
test_3450,River
test_3451,River
test_3452,River
test_3453,River
test_3454,River
test_3455,River
test_3456,River
test_3457,River
test_3458,River
test_3459,River
test_346,AnnualCrop
test_3460,River
test_3461,River
test_3462,River
test_3463,River
test_3464,River
test_3465,River
test_3466,River
test_3467,River
test_3468,River
test_3469,River
test_347,AnnualCrop
test_3470,River
test_3471,River
test_3472,River
test_3473,River
test_3474,River
test_3475,River
test_3476,River
test_3477,River
test_3478,River
test_3479,River
test_348,AnnualCrop
test_3480,River
test_3481,River
test_3482,River
test_3483,River
test_3484,River
test_3485,River
test_3486,River
test_3487,River
test_3488,River
test_3489,River
test_349,AnnualCrop
test_3490,River
test_3491,River
test_3492,River
test_3493,River
test_3494,River
test_3495,River
test_3496,River
test_3497,River
test_3498,River
test_3499,River
test_35,AnnualCrop
test_350,AnnualCrop
test_3500,River
test_3501,River
test_3502,River
test_3503,River
test_3504,River
test_3505,River
test_3506,River
test_3507,River
test_3508,River
test_3509,River
test_351,AnnualCrop
test_3510,River
test_3511,River
test_3512,River
test_3513,River
test_3514,River
test_3515,River
test_3516,River
test_3517,River
test_3518,River
test_3519,River
test_352,AnnualCrop
test_3520,River
test_3521,River
test_3522,River
test_3523,River
test_3524,River
test_3525,River
test_3526,River
test_3527,River
test_3528,River
test_3529,River
test_353,AnnualCrop
test_3530,River
test_3531,River
test_3532,River
test_3533,River
test_3534,River
test_3535,River
test_3536,River
test_3537,River
test_3538,River
test_3539,River
test_354,AnnualCrop
test_3540,River
test_3541,River
test_3542,River
test_3543,River
test_3544,River
test_3545,River
test_3546,River
test_3547,River
test_3548,River
test_3549,River
test_355,AnnualCrop
test_3550,Highway
test_3551,River
test_3552,River
test_3553,River
test_3554,River
test_3555,River
test_3556,River
test_3557,River
test_3558,River
test_3559,River
test_356,AnnualCrop
test_3560,River
test_3561,River
test_3562,River
test_3563,River
test_3564,River
test_3565,River
test_3566,River
test_3567,River
test_3568,River
test_3569,River
test_357,AnnualCrop
test_3570,River
test_3571,River
test_3572,River
test_3573,River
test_3574,River
test_3575,River
test_3576,River
test_3577,River
test_3578,River
test_3579,River
test_358,AnnualCrop
test_3580,River
test_3581,Pasture
test_3582,River
test_3583,River
test_3584,River
test_3585,River
test_3586,River
test_3587,River
test_3588,River
test_3589,River
test_359,AnnualCrop
test_3590,River
test_3591,River
test_3592,River
test_3593,River
test_3594,River
test_3595,River
test_3596,River
test_3597,River
test_3598,River
test_3599,River
test_36,AnnualCrop
test_360,AnnualCrop
test_3600,River
test_3601,SeaLake
test_3602,SeaLake
test_3603,SeaLake
test_3604,SeaLake
test_3605,SeaLake
test_3606,SeaLake
test_3607,SeaLake
test_3608,SeaLake
test_3609,SeaLake
test_361,AnnualCrop
test_3610,SeaLake
test_3611,SeaLake
test_3612,SeaLake
test_3613,SeaLake
test_3614,SeaLake
test_3615,SeaLake
test_3616,SeaLake
test_3617,SeaLake
test_3618,SeaLake
test_3619,SeaLake
test_362,AnnualCrop
test_3620,SeaLake
test_3621,SeaLake
test_3622,SeaLake
test_3623,SeaLake
test_3624,SeaLake
test_3625,SeaLake
test_3626,SeaLake
test_3627,SeaLake
test_3628,SeaLake
test_3629,SeaLake
test_363,AnnualCrop
test_3630,SeaLake
test_3631,SeaLake
test_3632,SeaLake
test_3633,SeaLake
test_3634,SeaLake
test_3635,SeaLake
test_3636,SeaLake
test_3637,SeaLake
test_3638,SeaLake
test_3639,SeaLake
test_364,AnnualCrop
test_3640,SeaLake
test_3641,SeaLake
test_3642,SeaLake
test_3643,SeaLake
test_3644,SeaLake
test_3645,SeaLake
test_3646,SeaLake
test_3647,SeaLake
test_3648,SeaLake
test_3649,SeaLake
test_365,AnnualCrop
test_3650,SeaLake
test_3651,SeaLake
test_3652,SeaLake
test_3653,SeaLake
test_3654,SeaLake
test_3655,SeaLake
test_3656,SeaLake
test_3657,SeaLake
test_3658,SeaLake
test_3659,SeaLake
test_366,AnnualCrop
test_3660,SeaLake
test_3661,SeaLake
test_3662,SeaLake
test_3663,SeaLake
test_3664,SeaLake
test_3665,SeaLake
test_3666,SeaLake
test_3667,SeaLake
test_3668,SeaLake
test_3669,SeaLake
test_367,AnnualCrop
test_3670,SeaLake
test_3671,SeaLake
test_3672,SeaLake
test_3673,SeaLake
test_3674,SeaLake
test_3675,SeaLake
test_3676,SeaLake
test_3677,SeaLake
test_3678,SeaLake
test_3679,SeaLake
test_368,AnnualCrop
test_3680,SeaLake
test_3681,SeaLake
test_3682,SeaLake
test_3683,SeaLake
test_3684,SeaLake
test_3685,SeaLake
test_3686,SeaLake
test_3687,SeaLake
test_3688,SeaLake
test_3689,SeaLake
test_369,AnnualCrop
test_3690,SeaLake
test_3691,SeaLake
test_3692,SeaLake
test_3693,SeaLake
test_3694,SeaLake
test_3695,SeaLake
test_3696,SeaLake
test_3697,SeaLake
test_3698,SeaLake
test_3699,SeaLake
test_37,AnnualCrop
test_370,AnnualCrop
test_3700,SeaLake
test_3701,SeaLake
test_3702,SeaLake
test_3703,SeaLake
test_3704,SeaLake
test_3705,SeaLake
test_3706,SeaLake
test_3707,SeaLake
test_3708,SeaLake
test_3709,SeaLake
test_371,AnnualCrop
test_3710,SeaLake
test_3711,SeaLake
test_3712,SeaLake
test_3713,SeaLake
test_3714,SeaLake
test_3715,SeaLake
test_3716,SeaLake
test_3717,SeaLake
test_3718,SeaLake
test_3719,SeaLake
test_372,AnnualCrop
test_3720,SeaLake
test_3721,SeaLake
test_3722,SeaLake
test_3723,SeaLake
test_3724,SeaLake
test_3725,SeaLake
test_3726,SeaLake
test_3727,SeaLake
test_3728,SeaLake
test_3729,SeaLake
test_373,AnnualCrop
test_3730,SeaLake
test_3731,SeaLake
test_3732,SeaLake
test_3733,SeaLake
test_3734,SeaLake
test_3735,SeaLake
test_3736,SeaLake
test_3737,SeaLake
test_3738,SeaLake
test_3739,SeaLake
test_374,AnnualCrop
test_3740,SeaLake
test_3741,SeaLake
test_3742,SeaLake
test_3743,SeaLake
test_3744,SeaLake
test_3745,SeaLake
test_3746,SeaLake
test_3747,SeaLake
test_3748,SeaLake
test_3749,SeaLake
test_375,AnnualCrop
test_3750,SeaLake
test_3751,SeaLake
test_3752,SeaLake
test_3753,SeaLake
test_3754,SeaLake
test_3755,SeaLake
test_3756,SeaLake
test_3757,SeaLake
test_3758,SeaLake
test_3759,SeaLake
test_376,AnnualCrop
test_3760,SeaLake
test_3761,SeaLake
test_3762,SeaLake
test_3763,SeaLake
test_3764,SeaLake
test_3765,SeaLake
test_3766,SeaLake
test_3767,SeaLake
test_3768,SeaLake
test_3769,SeaLake
test_377,AnnualCrop
test_3770,SeaLake
test_3771,SeaLake
test_3772,SeaLake
test_3773,SeaLake
test_3774,SeaLake
test_3775,SeaLake
test_3776,SeaLake
test_3777,SeaLake
test_3778,SeaLake
test_3779,SeaLake
test_378,AnnualCrop
test_3780,SeaLake
test_3781,SeaLake
test_3782,SeaLake
test_3783,SeaLake
test_3784,SeaLake
test_3785,SeaLake
test_3786,SeaLake
test_3787,SeaLake
test_3788,SeaLake
test_3789,SeaLake
test_379,AnnualCrop
test_3790,SeaLake
test_3791,SeaLake
test_3792,SeaLake
test_3793,SeaLake
test_3794,SeaLake
test_3795,SeaLake
test_3796,SeaLake
test_3797,SeaLake
test_3798,SeaLake
test_3799,SeaLake
test_38,AnnualCrop
test_380,AnnualCrop
test_3800,SeaLake
test_3801,SeaLake
test_3802,SeaLake
test_3803,SeaLake
test_3804,SeaLake
test_3805,SeaLake
test_3806,SeaLake
test_3807,SeaLake
test_3808,SeaLake
test_3809,SeaLake
test_381,AnnualCrop
test_3810,SeaLake
test_3811,SeaLake
test_3812,SeaLake
test_3813,SeaLake
test_3814,SeaLake
test_3815,SeaLake
test_3816,SeaLake
test_3817,SeaLake
test_3818,SeaLake
test_3819,SeaLake
test_382,AnnualCrop
test_3820,SeaLake
test_3821,SeaLake
test_3822,SeaLake
test_3823,SeaLake
test_3824,SeaLake
test_3825,SeaLake
test_3826,SeaLake
test_3827,SeaLake
test_3828,SeaLake
test_3829,River
test_383,AnnualCrop
test_3830,SeaLake
test_3831,SeaLake
test_3832,SeaLake
test_3833,SeaLake
test_3834,SeaLake
test_3835,SeaLake
test_3836,SeaLake
test_3837,SeaLake
test_3838,SeaLake
test_3839,SeaLake
test_384,AnnualCrop
test_3840,SeaLake
test_3841,SeaLake
test_3842,SeaLake
test_3843,SeaLake
test_3844,SeaLake
test_3845,SeaLake
test_3846,SeaLake
test_3847,SeaLake
test_3848,SeaLake
test_3849,SeaLake
test_385,AnnualCrop
test_3850,SeaLake
test_3851,SeaLake
test_3852,SeaLake
test_3853,SeaLake
test_3854,SeaLake
test_3855,SeaLake
test_3856,SeaLake
test_3857,SeaLake
test_3858,SeaLake
test_3859,SeaLake
test_386,AnnualCrop
test_3860,SeaLake
test_3861,SeaLake
test_3862,SeaLake
test_3863,SeaLake
test_3864,SeaLake
test_3865,SeaLake
test_3866,SeaLake
test_3867,SeaLake
test_3868,SeaLake
test_3869,SeaLake
test_387,AnnualCrop
test_3870,SeaLake
test_3871,SeaLake
test_3872,SeaLake
test_3873,SeaLake
test_3874,SeaLake
test_3875,SeaLake
test_3876,SeaLake
test_3877,SeaLake
test_3878,SeaLake
test_3879,SeaLake
test_388,AnnualCrop
test_3880,SeaLake
test_3881,SeaLake
test_3882,SeaLake
test_3883,SeaLake
test_3884,SeaLake
test_3885,SeaLake
test_3886,SeaLake
test_3887,SeaLake
test_3888,SeaLake
test_3889,SeaLake
test_389,AnnualCrop
test_3890,SeaLake
test_3891,SeaLake
test_3892,SeaLake
test_3893,SeaLake
test_3894,SeaLake
test_3895,SeaLake
test_3896,SeaLake
test_3897,SeaLake
test_3898,SeaLake
test_3899,SeaLake
test_39,AnnualCrop
test_390,AnnualCrop
test_3900,SeaLake
test_3901,SeaLake
test_3902,SeaLake
test_3903,SeaLake
test_3904,SeaLake
test_3905,SeaLake
test_3906,SeaLake
test_3907,SeaLake
test_3908,SeaLake
test_3909,SeaLake
test_391,AnnualCrop
test_3910,SeaLake
test_3911,SeaLake
test_3912,SeaLake
test_3913,SeaLake
test_3914,SeaLake
test_3915,SeaLake
test_3916,SeaLake
test_3917,SeaLake
test_3918,SeaLake
test_3919,SeaLake
test_392,AnnualCrop
test_3920,SeaLake
test_3921,SeaLake
test_3922,SeaLake
test_3923,SeaLake
test_3924,SeaLake
test_3925,SeaLake
test_3926,SeaLake
test_3927,SeaLake
test_3928,SeaLake
test_3929,SeaLake
test_393,AnnualCrop
test_3930,SeaLake
test_3931,SeaLake
test_3932,SeaLake
test_3933,SeaLake
test_3934,SeaLake
test_3935,SeaLake
test_3936,SeaLake
test_3937,SeaLake
test_3938,SeaLake
test_3939,SeaLake
test_394,AnnualCrop
test_3940,SeaLake
test_3941,SeaLake
test_3942,SeaLake
test_3943,SeaLake
test_3944,SeaLake
test_3945,SeaLake
test_3946,SeaLake
test_3947,SeaLake
test_3948,SeaLake
test_3949,SeaLake
test_395,AnnualCrop
test_3950,SeaLake
test_3951,SeaLake
test_3952,SeaLake
test_3953,SeaLake
test_3954,SeaLake
test_3955,SeaLake
test_3956,SeaLake
test_3957,SeaLake
test_3958,SeaLake
test_3959,SeaLake
test_396,AnnualCrop
test_3960,SeaLake
test_3961,SeaLake
test_3962,SeaLake
test_3963,SeaLake
test_3964,SeaLake
test_3965,SeaLake
test_3966,SeaLake
test_3967,SeaLake
test_3968,SeaLake
test_3969,SeaLake
test_397,AnnualCrop
test_3970,SeaLake
test_3971,SeaLake
test_3972,SeaLake
test_3973,SeaLake
test_3974,SeaLake
test_3975,SeaLake
test_3976,SeaLake
test_3977,SeaLake
test_3978,SeaLake
test_3979,SeaLake
test_398,AnnualCrop
test_3980,SeaLake
test_3981,SeaLake
test_3982,SeaLake
test_3983,SeaLake
test_3984,SeaLake
test_3985,SeaLake
test_3986,SeaLake
test_3987,SeaLake
test_3988,SeaLake
test_3989,SeaLake
test_399,AnnualCrop
test_3990,SeaLake
test_3991,SeaLake
test_3992,SeaLake
test_3993,SeaLake
test_3994,SeaLake
test_3995,SeaLake
test_3996,SeaLake
test_3997,SeaLake
test_3998,SeaLake
test_3999,SeaLake
test_4,AnnualCrop
test_40,AnnualCrop
test_400,AnnualCrop
test_4000,SeaLake
test_4001,SeaLake
test_4002,SeaLake
test_4003,SeaLake
test_4004,SeaLake
test_4005,SeaLake
test_4006,SeaLake
test_4007,SeaLake
test_4008,SeaLake
test_4009,SeaLake
test_401,AnnualCrop
test_4010,SeaLake
test_4011,SeaLake
test_4012,SeaLake
test_4013,SeaLake
test_4014,SeaLake
test_4015,SeaLake
test_4016,SeaLake
test_4017,SeaLake
test_4018,SeaLake
test_4019,SeaLake
test_402,AnnualCrop
test_4020,SeaLake
test_4021,SeaLake
test_4022,SeaLake
test_4023,SeaLake
test_4024,SeaLake
test_4025,SeaLake
test_4026,SeaLake
test_4027,SeaLake
test_4028,SeaLake
test_4029,SeaLake
test_403,AnnualCrop
test_4030,SeaLake
test_4031,SeaLake
test_4032,SeaLake
test_4033,SeaLake
test_4034,SeaLake
test_4035,SeaLake
test_4036,SeaLake
test_4037,SeaLake
test_4038,SeaLake
test_4039,SeaLake
test_404,AnnualCrop
test_4040,SeaLake
test_4041,SeaLake
test_4042,SeaLake
test_4043,SeaLake
test_4044,SeaLake
test_4045,SeaLake
test_4046,SeaLake
test_4047,SeaLake
test_4048,SeaLake
test_4049,SeaLake
test_405,AnnualCrop
test_4050,SeaLake
test_406,AnnualCrop
test_407,AnnualCrop
test_408,AnnualCrop
test_409,AnnualCrop
test_41,AnnualCrop
test_410,AnnualCrop
test_411,AnnualCrop
test_412,AnnualCrop
test_413,AnnualCrop
test_414,AnnualCrop
test_415,AnnualCrop
test_416,AnnualCrop
test_417,AnnualCrop
test_418,AnnualCrop
test_419,AnnualCrop
test_42,AnnualCrop
test_420,AnnualCrop
test_421,AnnualCrop
test_422,AnnualCrop
test_423,AnnualCrop
test_424,AnnualCrop
test_425,AnnualCrop
test_426,AnnualCrop
test_427,AnnualCrop
test_428,AnnualCrop
test_429,AnnualCrop
test_43,AnnualCrop
test_430,AnnualCrop
test_431,AnnualCrop
test_432,AnnualCrop
test_433,AnnualCrop
test_434,AnnualCrop
test_435,AnnualCrop
test_436,AnnualCrop
test_437,AnnualCrop
test_438,AnnualCrop
test_439,AnnualCrop
test_44,AnnualCrop
test_440,AnnualCrop
test_441,AnnualCrop
test_442,AnnualCrop
test_443,AnnualCrop
test_444,AnnualCrop
test_445,AnnualCrop
test_446,AnnualCrop
test_447,AnnualCrop
test_448,AnnualCrop
test_449,AnnualCrop
test_45,AnnualCrop
test_450,AnnualCrop
test_451,Forest
test_452,Forest
test_453,Forest
test_454,Forest
test_455,Forest
test_456,Forest
test_457,Forest
test_458,Forest
test_459,Forest
test_46,AnnualCrop
test_460,Forest
test_461,Forest
test_462,Forest
test_463,Forest
test_464,Forest
test_465,Forest
test_466,Forest
test_467,Forest
test_468,Forest
test_469,Forest
test_47,AnnualCrop
test_470,Forest
test_471,Forest
test_472,Forest
test_473,Forest
test_474,Forest
test_475,Forest
test_476,Forest
test_477,Forest
test_478,Forest
test_479,Forest
test_48,AnnualCrop
test_480,Forest
test_481,Forest
test_482,Forest
test_483,Forest
test_484,Forest
test_485,Forest
test_486,Forest
test_487,Forest
test_488,Forest
test_489,Forest
test_49,AnnualCrop
test_490,Forest
test_491,Forest
test_492,Forest
test_493,Forest
test_494,Forest
test_495,Forest
test_496,Forest
test_497,Forest
test_498,Forest
test_499,Forest
test_5,AnnualCrop
test_50,AnnualCrop
test_500,Forest
test_501,Forest
test_502,Forest
test_503,Forest
test_504,Forest
test_505,Forest
test_506,Forest
test_507,Forest
test_508,Forest
test_509,Forest
test_51,AnnualCrop
test_510,Forest
test_511,Forest
test_512,Forest
test_513,Forest
test_514,Forest
test_515,Forest
test_516,Forest
test_517,Forest
test_518,Forest
test_519,Forest
test_52,AnnualCrop
test_520,Forest
test_521,Forest
test_522,Forest
test_523,Forest
test_524,Forest
test_525,Forest
test_526,Forest
test_527,Forest
test_528,Forest
test_529,Forest
test_53,AnnualCrop
test_530,Forest
test_531,Forest
test_532,Forest
test_533,Forest
test_534,Forest
test_535,Forest
test_536,Forest
test_537,Forest
test_538,Forest
test_539,Forest
test_54,AnnualCrop
test_540,Forest
test_541,Forest
test_542,Forest
test_543,Forest
test_544,Forest
test_545,Forest
test_546,Forest
test_547,Forest
test_548,Forest
test_549,Forest
test_55,AnnualCrop
test_550,Forest
test_551,Forest
test_552,Forest
test_553,Forest
test_554,Forest
test_555,Forest
test_556,Forest
test_557,Forest
test_558,Forest
test_559,Forest
test_56,AnnualCrop
test_560,Forest
test_561,Forest
test_562,Forest
test_563,Forest
test_564,Forest
test_565,Forest
test_566,Forest
test_567,Forest
test_568,Forest
test_569,Forest
test_57,AnnualCrop
test_570,Forest
test_571,Forest
test_572,Forest
test_573,Forest
test_574,Forest
test_575,Forest
test_576,Forest
test_577,Forest
test_578,Forest
test_579,Forest
test_58,AnnualCrop
test_580,Forest
test_581,Forest
test_582,Forest
test_583,Forest
test_584,Forest
test_585,Forest
test_586,Forest
test_587,Forest
test_588,Forest
test_589,Forest
test_59,AnnualCrop
test_590,Forest
test_591,Forest
test_592,Forest
test_593,Forest
test_594,Forest
test_595,Forest
test_596,Forest
test_597,Forest
test_598,Forest
test_599,Forest
test_6,AnnualCrop
test_60,AnnualCrop
test_600,Forest
test_601,Forest
test_602,Forest
test_603,Forest
test_604,Forest
test_605,Forest
test_606,Forest
test_607,Forest
test_608,Forest
test_609,Forest
test_61,AnnualCrop
test_610,Forest
test_611,Forest
test_612,Forest
test_613,Forest
test_614,Forest
test_615,Forest
test_616,Pasture
test_617,Forest
test_618,Forest
test_619,Forest
test_62,AnnualCrop
test_620,Forest
test_621,Forest
test_622,Forest
test_623,Forest
test_624,Forest
test_625,Forest
test_626,Forest
test_627,Forest
test_628,Forest
test_629,Forest
test_63,AnnualCrop
test_630,Forest
test_631,Forest
test_632,Forest
test_633,Forest
test_634,Forest
test_635,Forest
test_636,Forest
test_637,Forest
test_638,Forest
test_639,Forest
test_64,AnnualCrop
test_640,Forest
test_641,Forest
test_642,Forest
test_643,Forest
test_644,Forest
test_645,Forest
test_646,Forest
test_647,Forest
test_648,Forest
test_649,Forest
test_65,AnnualCrop
test_650,Forest
test_651,Forest
test_652,Forest
test_653,Forest
test_654,Forest
test_655,Forest
test_656,Forest
test_657,Forest
test_658,Forest
test_659,Forest
test_66,AnnualCrop
test_660,Forest
test_661,Forest
test_662,Forest
test_663,Forest
test_664,Forest
test_665,Forest
test_666,Forest
test_667,Forest
test_668,Forest
test_669,Forest
test_67,AnnualCrop
test_670,Forest
test_671,Forest
test_672,Forest
test_673,Forest
test_674,Forest
test_675,Forest
test_676,Forest
test_677,Forest
test_678,Forest
test_679,Forest
test_68,AnnualCrop
test_680,Forest
test_681,Forest
test_682,Forest
test_683,Forest
test_684,Forest
test_685,Forest
test_686,Forest
test_687,Forest
test_688,Forest
test_689,Forest
test_69,AnnualCrop
test_690,Forest
test_691,Forest
test_692,Forest
test_693,Forest
test_694,Forest
test_695,Forest
test_696,Forest
test_697,Forest
test_698,Forest
test_699,Forest
test_7,AnnualCrop
test_70,AnnualCrop
test_700,Forest
test_701,Forest
test_702,Forest
test_703,Forest
test_704,Forest
test_705,Forest
test_706,Forest
test_707,Forest
test_708,Forest
test_709,Forest
test_71,AnnualCrop
test_710,Forest
test_711,Forest
test_712,Forest
test_713,Forest
test_714,Forest
test_715,Forest
test_716,Forest
test_717,Forest
test_718,Forest
test_719,Forest
test_72,AnnualCrop
test_720,Forest
test_721,Forest
test_722,Forest
test_723,Forest
test_724,Forest
test_725,Forest
test_726,Forest
test_727,Forest
test_728,Forest
test_729,Forest
test_73,AnnualCrop
test_730,Forest
test_731,Forest
test_732,Forest
test_733,Forest
test_734,Forest
test_735,Forest
test_736,Forest
test_737,Forest
test_738,Forest
test_739,Forest
test_74,AnnualCrop
test_740,Forest
test_741,Forest
test_742,Forest
test_743,Forest
test_744,Forest
test_745,Forest
test_746,Forest
test_747,Forest
test_748,Forest
test_749,Forest
test_75,AnnualCrop
test_750,Forest
test_751,Forest
test_752,Forest
test_753,Forest
test_754,Forest
test_755,Forest
test_756,Forest
test_757,Forest
test_758,Forest
test_759,Forest
test_76,AnnualCrop
test_760,Forest
test_761,Forest
test_762,Forest
test_763,Forest
test_764,Forest
test_765,Forest
test_766,Forest
test_767,Forest
test_768,Forest
test_769,Forest
test_77,AnnualCrop
test_770,Forest
test_771,Forest
test_772,Forest
test_773,Forest
test_774,Forest
test_775,Forest
test_776,Forest
test_777,Forest
test_778,Forest
test_779,Forest
test_78,AnnualCrop
test_780,Forest
test_781,Forest
test_782,Forest
test_783,Forest
test_784,Forest
test_785,Forest
test_786,Forest
test_787,Forest
test_788,Forest
test_789,Forest
test_79,AnnualCrop
test_790,Forest
test_791,Forest
test_792,Forest
test_793,Forest
test_794,Forest
test_795,Forest
test_796,Forest
test_797,Forest
test_798,Forest
test_799,Forest
test_8,AnnualCrop
test_80,AnnualCrop
test_800,Forest
test_801,Forest
test_802,Forest
test_803,Forest
test_804,Forest
test_805,Forest
test_806,Forest
test_807,Forest
test_808,Forest
test_809,Forest
test_81,AnnualCrop
test_810,Forest
test_811,Forest
test_812,Forest
test_813,Forest
test_814,Forest
test_815,Forest
test_816,Forest
test_817,Forest
test_818,Forest
test_819,Forest
test_82,AnnualCrop
test_820,Forest
test_821,Forest
test_822,Forest
test_823,Forest
test_824,Forest
test_825,Forest
test_826,Forest
test_827,Forest
test_828,Forest
test_829,Forest
test_83,AnnualCrop
test_830,Forest
test_831,Forest
test_832,Forest
test_833,Forest
test_834,Forest
test_835,Forest
test_836,Forest
test_837,Forest
test_838,Forest
test_839,Forest
test_84,AnnualCrop
test_840,Forest
test_841,Forest
test_842,Forest
test_843,Forest
test_844,Forest
test_845,Forest
test_846,Forest
test_847,Forest
test_848,Forest
test_849,Forest
test_85,AnnualCrop
test_850,Forest
test_851,Forest
test_852,Forest
test_853,Forest
test_854,Forest
test_855,Forest
test_856,Forest
test_857,Forest
test_858,Forest
test_859,Forest
test_86,AnnualCrop
test_860,Forest
test_861,Forest
test_862,Forest
test_863,Forest
test_864,Forest
test_865,Forest
test_866,Forest
test_867,Forest
test_868,Forest
test_869,Forest
test_87,AnnualCrop
test_870,Forest
test_871,Forest
test_872,Forest
test_873,Forest
test_874,Forest
test_875,Forest
test_876,Forest
test_877,Forest
test_878,Forest
test_879,Forest
test_88,AnnualCrop
test_880,Forest
test_881,Forest
test_882,Forest
test_883,Forest
test_884,Forest
test_885,Forest
test_886,Forest
test_887,Forest
test_888,Forest
test_889,Forest
test_89,AnnualCrop
test_890,Forest
test_891,Forest
test_892,Forest
test_893,Forest
test_894,Forest
test_895,Forest
test_896,Forest
test_897,Forest
test_898,Forest
test_899,Forest
test_9,AnnualCrop
test_90,AnnualCrop
test_900,Forest
test_901,HerbaceousVegetation
test_902,HerbaceousVegetation
test_903,HerbaceousVegetation
test_904,HerbaceousVegetation
test_905,HerbaceousVegetation
test_906,HerbaceousVegetation
test_907,HerbaceousVegetation
test_908,HerbaceousVegetation
test_909,HerbaceousVegetation
test_91,AnnualCrop
test_910,HerbaceousVegetation
test_911,HerbaceousVegetation
test_912,HerbaceousVegetation
test_913,HerbaceousVegetation
test_914,HerbaceousVegetation
test_915,HerbaceousVegetation
test_916,HerbaceousVegetation
test_917,HerbaceousVegetation
test_918,HerbaceousVegetation
test_919,HerbaceousVegetation
test_92,AnnualCrop
test_920,HerbaceousVegetation
test_921,HerbaceousVegetation
test_922,HerbaceousVegetation
test_923,HerbaceousVegetation
test_924,HerbaceousVegetation
test_925,HerbaceousVegetation
test_926,HerbaceousVegetation
test_927,HerbaceousVegetation
test_928,HerbaceousVegetation
test_929,HerbaceousVegetation
test_93,AnnualCrop
test_930,HerbaceousVegetation
test_931,HerbaceousVegetation
test_932,HerbaceousVegetation
test_933,HerbaceousVegetation
test_934,HerbaceousVegetation
test_935,HerbaceousVegetation
test_936,HerbaceousVegetation
test_937,HerbaceousVegetation
test_938,HerbaceousVegetation
test_939,HerbaceousVegetation
test_94,AnnualCrop
test_940,HerbaceousVegetation
test_941,HerbaceousVegetation
test_942,HerbaceousVegetation
test_943,HerbaceousVegetation
test_944,HerbaceousVegetation
test_945,HerbaceousVegetation
test_946,HerbaceousVegetation
test_947,HerbaceousVegetation
test_948,HerbaceousVegetation
test_949,HerbaceousVegetation
test_95,AnnualCrop
test_950,HerbaceousVegetation
test_951,HerbaceousVegetation
test_952,HerbaceousVegetation
test_953,HerbaceousVegetation
test_954,HerbaceousVegetation
test_955,HerbaceousVegetation
test_956,HerbaceousVegetation
test_957,HerbaceousVegetation
test_958,HerbaceousVegetation
test_959,HerbaceousVegetation
test_96,AnnualCrop
test_960,HerbaceousVegetation
test_961,HerbaceousVegetation
test_962,HerbaceousVegetation
test_963,HerbaceousVegetation
test_964,HerbaceousVegetation
test_965,HerbaceousVegetation
test_966,HerbaceousVegetation
test_967,HerbaceousVegetation
test_968,HerbaceousVegetation
test_969,HerbaceousVegetation
test_97,AnnualCrop
test_970,HerbaceousVegetation
test_971,HerbaceousVegetation
test_972,HerbaceousVegetation
test_973,HerbaceousVegetation
test_974,HerbaceousVegetation
test_975,HerbaceousVegetation
test_976,HerbaceousVegetation
test_977,HerbaceousVegetation
test_978,HerbaceousVegetation
test_979,HerbaceousVegetation
test_98,AnnualCrop
test_980,HerbaceousVegetation
test_981,HerbaceousVegetation
test_982,HerbaceousVegetation
test_983,HerbaceousVegetation
test_984,HerbaceousVegetation
test_985,HerbaceousVegetation
test_986,HerbaceousVegetation
test_987,HerbaceousVegetation
test_988,HerbaceousVegetation
test_989,HerbaceousVegetation
test_99,AnnualCrop
test_990,HerbaceousVegetation
test_991,HerbaceousVegetation
test_992,HerbaceousVegetation
test_993,HerbaceousVegetation
test_994,HerbaceousVegetation
test_995,HerbaceousVegetation
test_996,HerbaceousVegetation
test_997,HerbaceousVegetation
test_998,HerbaceousVegetation
test_999,HerbaceousVegetation
